;hp;attack;defense;spatk;spdef;speed;count_form;national_id;main_name;gambar;label
0;45;49;49;65;65;45;1;0;Bulbasaur;0.jpg;0
1;60;62;63;80;80;60;1;1;Ivysaur;1.jpg;4
2;80;82;83;100;100;80;2;2;Venusaur;2.jpg;2
3;80;100;123;122;120;80;2;3;Mega Venusaur;3.jpg;2
4;39;52;43;60;50;65;1;4;Charmander;4.jpg;0
5;58;64;58;80;65;80;1;5;Charmeleon;5.jpg;4
6;78;84;78;109;85;100;3;6;Charizard;6.jpg;2
7;78;130;111;130;85;100;3;7;Mega Charizard X;7.jpg;2
8;78;104;78;159;115;100;3;8;Mega Charizard Y;8.jpg;2
9;44;48;65;50;64;43;1;9;Squirtle;9.jpg;3
10;59;63;80;65;80;58;1;10;Wartortle;10.jpg;4
11;79;83;100;85;105;78;2;11;Blastoise;11.jpg;2
12;79;103;120;135;115;78;2;12;Mega Blastoise;12.jpg;2
13;45;30;35;20;20;45;1;13;Caterpie;13.jpg;0
14;50;20;55;25;25;30;1;14;Metapod;14.jpg;3
15;60;45;50;90;80;70;1;15;Butterfree;15.jpg;4
16;40;35;30;20;20;50;1;16;Weedle;16.jpg;0
17;45;25;50;25;25;35;1;17;Kakuna;17.jpg;3
18;65;90;40;45;80;75;2;18;Beedrill;18.jpg;1
19;65;150;40;15;80;145;2;19;Mega Beedrill;19.jpg;1
20;40;45;40;35;35;56;1;20;Pidgey;20.jpg;0
21;63;60;55;50;50;71;1;21;Pidgeotto;21.jpg;0
22;83;80;75;70;70;101;2;22;Pidgeot;22.jpg;1
23;83;80;80;135;80;121;2;23;Mega Pidgeot;23.jpg;2
24;30;56;35;25;35;72;2;24;Rattata;24.jpg;0
25;30;56;35;25;35;72;2;25;Alolan Rattata;25.jpg;0
26;55;81;60;50;70;97;2;26;Raticate;26.jpg;1
27;75;71;70;40;80;77;2;27;Alolan Raticate;27.jpg;1
28;40;60;30;31;31;70;1;28;Spearow;28.jpg;0
29;65;90;65;61;61;100;1;29;Fearow;29.jpg;1
30;35;60;44;40;54;55;1;30;Ekans;30.jpg;0
31;60;95;69;65;79;80;1;31;Arbok;31.jpg;1
32;35;55;40;50;50;90;2;32;Pikachu;32.jpg;0
33;45;80;50;75;60;120;2;33;Partner Pikachu;33.jpg;1
34;60;90;55;90;80;110;2;34;Raichu;34.jpg;4
35;60;85;50;95;85;110;2;35;Alolan Raichu;35.jpg;4
36;50;75;85;20;30;40;2;36;Sandshrew;36.jpg;3
37;50;75;90;10;35;40;2;37;Alolan Sandshrew;37.jpg;3
38;75;100;110;45;55;65;2;38;Sandslash;38.jpg;1
39;75;100;120;25;65;65;2;39;Alolan Sandslash;39.jpg;1
40;55;47;52;40;40;41;1;40;Nidoran♀;40.jpg;3
41;70;62;67;55;55;56;1;41;Nidorina;41.jpg;1
42;90;92;87;75;85;76;1;42;Nidoqueen;42.jpg;2
43;46;57;40;40;40;50;1;43;Nidoran♂;43.jpg;0
44;61;72;57;55;55;65;1;44;Nidorino;44.jpg;1
45;81;102;77;85;75;85;1;45;Nidoking;45.jpg;2
46;70;45;48;60;65;35;1;46;Clefairy;46.jpg;3
47;95;70;73;95;90;60;1;47;Clefable;47.jpg;4
48;38;41;40;50;65;65;2;48;Vulpix;48.jpg;0
49;38;41;40;50;65;65;2;49;Alolan Vulpix;49.jpg;0
50;73;76;75;81;100;100;2;50;Ninetales;50.jpg;4
51;73;67;75;81;100;109;2;51;Alolan Ninetales;51.jpg;4
52;115;45;20;45;25;20;1;52;Jigglypuff;52.jpg;3
53;140;70;45;85;50;45;1;53;Wigglytuff;53.jpg;5
54;40;45;35;30;40;55;1;54;Zubat;54.jpg;0
55;75;80;70;65;75;90;1;55;Golbat;55.jpg;1
56;45;50;55;75;65;30;1;56;Oddish;56.jpg;3
57;60;65;70;85;75;40;1;57;Gloom;57.jpg;5
58;75;80;85;110;90;50;1;58;Vileplume;58.jpg;5
59;35;70;55;45;55;25;1;59;Paras;59.jpg;3
60;60;95;80;60;80;30;1;60;Parasect;60.jpg;5
61;60;55;50;40;55;45;1;61;Venonat;61.jpg;3
62;70;65;60;90;75;90;1;62;Venomoth;62.jpg;4
63;10;55;25;35;45;95;2;63;Diglett;63.jpg;0
64;10;55;30;35;45;90;2;64;Alolan Diglett;64.jpg;0
65;35;100;50;50;70;120;2;65;Dugtrio;65.jpg;1
66;35;100;60;50;70;110;2;66;Alolan Dugtrio;66.jpg;1
67;40;45;35;40;40;90;3;67;Meowth;67.jpg;0
68;40;35;35;50;40;90;3;68;Alolan Meowth;68.jpg;0
69;50;65;55;40;40;40;3;69;Galarian Meowth;69.jpg;3
70;65;70;60;65;65;115;2;70;Persian;70.jpg;1
71;65;60;60;75;65;115;2;71;Alolan Persian;71.jpg;4
72;50;52;48;65;50;55;1;72;Psyduck;72.jpg;0
73;80;82;78;95;80;85;1;73;Golduck;73.jpg;2
74;40;80;35;35;45;70;1;74;Mankey;74.jpg;0
75;65;105;60;60;70;95;1;75;Primeape;75.jpg;1
76;55;70;45;70;50;60;2;76;Growlithe;76.jpg;0
77;60;75;45;65;50;55;2;77;Hisuian Growlithe;77.jpg;0
78;90;110;80;100;80;95;2;78;Arcanine;78.jpg;2
79;95;115;80;95;80;90;2;79;Hisuian Arcanine;79.jpg;2
80;40;50;40;40;40;90;1;80;Poliwag;80.jpg;0
81;65;65;65;50;50;90;1;81;Poliwhirl;81.jpg;1
82;90;95;95;70;90;70;1;82;Poliwrath;82.jpg;2
83;25;20;15;105;55;90;1;83;Abra;83.jpg;4
84;40;35;30;120;70;105;1;84;Kadabra;84.jpg;4
85;55;50;45;135;95;120;2;85;Alakazam;85.jpg;4
86;55;50;65;175;105;150;2;86;Mega Alakazam;86.jpg;4
87;70;80;50;35;35;35;1;87;Machop;87.jpg;3
88;80;100;70;50;60;45;1;88;Machoke;88.jpg;5
89;90;130;80;65;85;55;1;89;Machamp;89.jpg;5
90;50;75;35;70;30;40;1;90;Bellsprout;90.jpg;0
91;65;90;50;85;45;55;1;91;Weepinbell;91.jpg;1
92;80;105;65;100;70;70;1;92;Victreebel;92.jpg;2
93;40;40;35;50;100;70;1;93;Tentacool;93.jpg;0
94;80;70;65;80;120;100;1;94;Tentacruel;94.jpg;4
95;40;80;100;30;30;20;2;95;Geodude;95.jpg;3
96;40;80;100;30;30;20;2;96;Alolan Geodude;96.jpg;3
97;55;95;115;45;45;35;2;97;Graveler;97.jpg;5
98;55;95;115;45;45;35;2;98;Alolan Graveler;98.jpg;5
99;80;120;130;55;65;45;2;99;Golem;99.jpg;5
100;80;120;130;55;65;45;2;100;Alolan Golem;100.jpg;5
101;50;85;55;65;65;90;2;101;Ponyta;101.jpg;1
102;50;85;55;65;65;90;2;102;Galarian Ponyta;102.jpg;1
103;65;100;70;80;80;105;2;103;Rapidash;103.jpg;1
104;65;100;70;80;80;105;2;104;Galarian Rapidash;104.jpg;1
105;90;65;65;40;40;15;2;105;Slowpoke;105.jpg;1
106;90;65;65;40;40;15;2;106;Galarian Slowpoke;106.jpg;1
107;95;75;110;100;80;30;3;107;Slowbro;107.jpg;5
108;95;75;180;130;80;30;3;108;Mega Slowbro;108.jpg;5
109;95;100;95;100;70;30;3;109;Galarian Slowbro;109.jpg;5
110;25;35;70;95;55;45;1;110;Magnemite;110.jpg;0
111;50;60;95;120;70;70;1;111;Magneton;111.jpg;4
112;52;90;55;58;62;60;2;112;Farfetch'd;112.jpg;1
113;52;95;55;58;62;55;2;113;Galarian Farfetch'd;113.jpg;1
114;35;85;45;35;35;75;1;114;Doduo;114.jpg;0
115;60;110;70;60;60;110;1;115;Dodrio;115.jpg;1
116;65;45;55;45;70;45;1;116;Seel;116.jpg;3
117;90;70;80;70;95;70;1;117;Dewgong;117.jpg;4
118;80;80;50;40;50;25;2;118;Grimer;118.jpg;3
119;80;80;50;40;50;25;2;119;Alolan Grimer;119.jpg;3
120;105;105;75;65;100;50;2;120;Muk;120.jpg;5
121;105;105;75;65;100;50;2;121;Alolan Muk;121.jpg;5
122;30;65;100;45;25;40;1;122;Shellder;122.jpg;3
123;50;95;180;85;45;70;1;123;Cloyster;123.jpg;5
124;30;35;30;100;35;80;1;124;Gastly;124.jpg;0
125;45;50;45;115;55;95;1;125;Haunter;125.jpg;4
126;60;65;60;130;75;110;2;126;Gengar;126.jpg;4
127;60;65;80;170;95;130;2;127;Mega Gengar;127.jpg;4
128;35;45;160;30;45;70;1;128;Onix;128.jpg;3
129;60;48;45;43;90;42;1;129;Drowzee;129.jpg;3
130;85;73;70;73;115;67;1;130;Hypno;130.jpg;4
131;30;105;90;25;25;50;1;131;Krabby;131.jpg;3
132;55;130;115;50;50;75;1;132;Kingler;132.jpg;1
133;40;30;50;55;55;100;2;133;Voltorb;133.jpg;0
134;40;30;50;55;55;100;2;134;Hisuian Voltorb;134.jpg;0
135;60;50;70;80;80;150;2;135;Electrode;135.jpg;4
136;60;50;70;80;80;150;2;136;Hisuian Electrode;136.jpg;4
137;60;40;80;60;45;40;1;137;Exeggcute;137.jpg;3
138;95;95;85;125;75;55;2;138;Exeggutor;138.jpg;2
139;95;105;85;125;75;45;2;139;Alolan Exeggutor;139.jpg;5
140;50;50;95;40;50;35;1;140;Cubone;140.jpg;3
141;60;80;110;50;80;45;2;141;Marowak;141.jpg;5
142;60;80;110;50;80;45;2;142;Alolan Marowak;142.jpg;5
143;50;120;53;35;110;87;1;143;Hitmonlee;143.jpg;1
144;50;105;79;35;110;76;1;144;Hitmonchan;144.jpg;1
145;90;55;75;60;75;30;1;145;Lickitung;145.jpg;5
146;40;65;95;60;45;35;1;146;Koffing;146.jpg;3
147;65;90;120;85;70;60;2;147;Weezing;147.jpg;5
148;65;90;120;85;70;60;2;148;Galarian Weezing;148.jpg;5
149;80;85;95;30;30;25;1;149;Rhyhorn;149.jpg;3
150;105;130;120;45;45;40;1;150;Rhydon;150.jpg;5
151;250;5;5;35;105;50;1;151;Chansey;151.jpg;5
152;65;55;115;100;40;60;1;152;Tangela;152.jpg;4
153;105;95;80;40;80;90;2;153;Kangaskhan;153.jpg;1
154;105;125;100;60;100;100;2;154;Mega Kangaskhan;154.jpg;2
155;30;40;70;70;25;60;1;155;Horsea;155.jpg;0
156;55;65;95;95;45;85;1;156;Seadra;156.jpg;4
157;45;67;60;35;50;63;1;157;Goldeen;157.jpg;0
158;80;92;65;65;80;68;1;158;Seaking;158.jpg;1
159;30;45;55;70;55;85;1;159;Staryu;159.jpg;0
160;60;75;85;100;85;115;1;160;Starmie;160.jpg;4
161;40;45;65;100;120;90;2;161;Mr. Mime;161.jpg;4
162;50;65;65;90;90;100;2;162;Galarian Mr. Mime;162.jpg;4
163;70;110;80;55;80;105;1;163;Scyther;163.jpg;1
164;65;50;35;115;95;95;1;164;Jynx;164.jpg;4
165;65;83;57;95;85;105;1;165;Electabuzz;165.jpg;4
166;65;95;57;100;85;93;1;166;Magmar;166.jpg;4
167;65;125;100;55;70;85;2;167;Pinsir;167.jpg;1
168;65;155;120;65;90;105;2;168;Mega Pinsir;168.jpg;2
169;75;100;95;40;70;110;4;169;Tauros;169.jpg;1
170;75;110;105;30;70;100;4;170;Combat Breed;170.jpg;1
171;75;110;105;30;70;100;4;171;Blaze Breed;171.jpg;1
172;75;110;105;30;70;100;4;172;Aqua Breed;172.jpg;1
173;20;10;55;15;20;80;1;173;Magikarp;173.jpg;1
174;95;125;79;60;100;81;2;174;Gyarados;174.jpg;1
175;95;155;109;70;130;81;2;175;Mega Gyarados;175.jpg;2
176;130;85;80;85;95;60;1;176;Lapras;176.jpg;2
177;48;48;48;48;48;48;1;177;Ditto;177.jpg;0
178;55;55;50;45;65;55;2;178;Eevee;178.jpg;0
179;65;75;70;65;85;75;2;179;Partner Eevee;179.jpg;4
180;130;65;60;110;95;65;1;180;Vaporeon;180.jpg;4
181;65;65;60;110;95;130;1;181;Jolteon;181.jpg;4
182;65;130;60;95;110;65;1;182;Flareon;182.jpg;2
183;65;60;70;85;75;40;1;183;Porygon;183.jpg;5
184;35;40;100;90;55;35;1;184;Omanyte;184.jpg;3
185;70;60;125;115;70;55;1;185;Omastar;185.jpg;5
186;30;80;90;55;45;55;1;186;Kabuto;186.jpg;3
187;60;115;105;65;70;80;1;187;Kabutops;187.jpg;1
188;80;105;65;60;75;130;2;188;Aerodactyl;188.jpg;1
189;80;135;85;70;95;150;2;189;Mega Aerodactyl;189.jpg;2
190;160;110;65;65;110;30;1;190;Snorlax;190.jpg;5
191;90;85;100;95;125;85;2;191;Articuno;191.jpg;2
192;90;85;85;125;100;95;2;192;Galarian Articuno;192.jpg;2
193;90;90;85;125;90;100;2;193;Zapdos;193.jpg;2
194;90;125;90;85;90;100;2;194;Galarian Zapdos;194.jpg;2
195;90;100;90;125;85;90;2;195;Moltres;195.jpg;2
196;90;85;90;100;125;90;2;196;Galarian Moltres;196.jpg;2
197;41;64;45;50;50;50;1;197;Dratini;197.jpg;0
198;61;84;65;70;70;70;1;198;Dragonair;198.jpg;1
199;91;134;95;100;100;80;1;199;Dragonite;199.jpg;2
200;106;110;90;154;90;130;3;200;Mewtwo;200.jpg;2
201;106;190;100;154;100;130;3;201;Mega Mewtwo X;201.jpg;2
202;106;150;70;194;120;140;3;202;Mega Mewtwo Y;202.jpg;2
203;100;100;100;100;100;100;1;203;Mew;203.jpg;2
204;45;49;65;49;65;45;1;204;Chikorita;204.jpg;3
205;60;62;80;63;80;60;1;205;Bayleef;205.jpg;4
206;80;82;100;83;100;80;1;206;Meganium;206.jpg;2
207;39;52;43;60;50;65;1;207;Cyndaquil;207.jpg;0
208;58;64;58;80;65;80;1;208;Quilava;208.jpg;4
209;78;84;78;109;85;100;2;209;Typhlosion;209.jpg;2
210;73;84;78;119;85;95;2;210;Hisuian Typhlosion;210.jpg;2
211;50;65;64;44;48;43;1;211;Totodile;211.jpg;3
212;65;80;80;59;63;58;1;212;Croconaw;212.jpg;1
213;85;105;100;79;83;78;1;213;Feraligatr;213.jpg;2
214;35;46;34;35;45;20;1;214;Sentret;214.jpg;3
215;85;76;64;45;55;90;1;215;Furret;215.jpg;1
216;60;30;30;36;56;50;1;216;Hoothoot;216.jpg;0
217;100;50;50;86;96;70;1;217;Noctowl;217.jpg;4
218;40;20;30;40;80;55;1;218;Ledyba;218.jpg;0
219;55;35;50;55;110;85;1;219;Ledian;219.jpg;4
220;40;60;40;40;40;30;1;220;Spinarak;220.jpg;3
221;70;90;70;60;70;40;1;221;Ariados;221.jpg;5
222;85;90;80;70;80;130;1;222;Crobat;222.jpg;1
223;75;38;38;56;56;67;1;223;Chinchou;223.jpg;0
224;125;58;58;76;76;67;1;224;Lanturn;224.jpg;4
225;20;40;15;35;35;60;1;225;Pichu;225.jpg;3
226;50;25;28;45;55;15;1;226;Cleffa;226.jpg;0
227;90;30;15;40;20;15;1;227;Igglybuff;227.jpg;3
228;35;20;65;40;65;20;1;228;Togepi;228.jpg;3
229;55;40;85;80;105;40;1;229;Togetic;229.jpg;4
230;40;50;45;70;45;70;1;230;Natu;230.jpg;0
231;65;75;70;95;70;95;1;231;Xatu;231.jpg;4
232;55;40;40;65;45;35;1;232;Mareep;232.jpg;3
233;70;55;55;80;60;45;1;233;Flaaffy;233.jpg;4
234;90;75;85;115;90;55;2;234;Ampharos;234.jpg;4
235;90;95;105;165;110;45;2;235;Mega Ampharos;235.jpg;2
236;75;80;95;90;100;50;1;236;Bellossom;236.jpg;5
237;70;20;50;20;50;40;1;237;Marill;237.jpg;3
238;100;50;80;60;80;50;1;238;Azumarill;238.jpg;5
239;70;100;115;30;65;30;1;239;Sudowoodo;239.jpg;5
240;90;75;75;90;100;70;1;240;Politoed;240.jpg;4
241;35;35;40;35;55;50;1;241;Hoppip;241.jpg;0
242;55;45;50;45;65;80;1;242;Skiploom;242.jpg;0
243;75;55;70;55;95;110;1;243;Jumpluff;243.jpg;4
244;55;70;55;40;55;85;1;244;Aipom;244.jpg;0
245;30;30;30;30;30;30;1;245;Sunkern;245.jpg;3
246;75;75;55;105;85;30;1;246;Sunflora;246.jpg;5
247;65;65;45;75;45;95;1;247;Yanma;247.jpg;0
248;55;45;45;25;25;15;2;248;Wooper;248.jpg;0
249;55;45;45;25;25;15;2;249;Paldean Wooper;249.jpg;0
250;95;85;85;65;65;35;1;250;Quagsire;250.jpg;5
251;65;65;60;130;95;110;1;251;Espeon;251.jpg;4
252;95;65;110;60;130;65;1;252;Umbreon;252.jpg;5
253;60;85;42;85;42;91;1;253;Murkrow;253.jpg;1
254;95;75;80;100;110;30;2;254;Slowking;254.jpg;5
255;95;65;80;110;110;30;2;255;Galarian Slowking;255.jpg;5
256;60;60;60;85;85;85;1;256;Misdreavus;256.jpg;4
257;48;72;48;72;48;48;1;257;Unown;257.jpg;0
258;190;33;58;33;58;33;1;258;Wobbuffet;258.jpg;3
259;70;80;65;90;65;85;1;259;Girafarig;259.jpg;4
260;50;65;90;35;35;15;1;260;Pineco;260.jpg;3
261;75;90;140;60;60;40;1;261;Forretress;261.jpg;5
262;100;70;70;65;65;45;1;262;Dunsparce;262.jpg;5
263;65;75;105;35;65;85;1;263;Gligar;263.jpg;1
264;75;85;200;55;65;30;2;264;Steelix;264.jpg;5
265;75;125;230;55;95;30;2;265;Mega Steelix;265.jpg;5
266;60;80;50;40;40;30;1;266;Snubbull;266.jpg;3
267;90;120;75;60;60;45;1;267;Granbull;267.jpg;5
268;65;95;85;55;55;85;2;268;Qwilfish;268.jpg;1
269;65;95;85;55;55;85;2;269;Hisuian Qwilfish;269.jpg;1
270;70;130;100;55;80;65;2;270;Scizor;270.jpg;1
271;70;150;140;65;100;75;2;271;Mega Scizor;271.jpg;2
272;20;10;230;10;230;5;1;272;Shuckle;272.jpg;1
273;80;125;75;40;95;85;2;273;Heracross;273.jpg;1
274;80;185;115;40;105;75;2;274;Mega Heracross;274.jpg;1
275;55;95;55;35;75;115;2;275;Sneasel;275.jpg;1
276;55;95;55;35;75;115;2;276;Hisuian Sneasel;276.jpg;1
277;60;80;50;50;50;40;1;277;Teddiursa;277.jpg;3
278;90;130;75;75;75;55;1;278;Ursaring;278.jpg;5
279;40;40;40;70;40;20;1;279;Slugma;279.jpg;3
280;60;50;120;90;80;30;1;280;Magcargo;280.jpg;5
281;50;50;40;30;30;50;1;281;Swinub;281.jpg;0
282;100;100;80;60;60;50;1;282;Piloswine;282.jpg;5
283;65;55;95;65;95;35;2;283;Corsola;283.jpg;5
284;60;55;100;65;100;30;2;284;Galarian Corsola;284.jpg;5
285;35;65;35;65;35;65;1;285;Remoraid;285.jpg;0
286;75;105;75;105;75;45;1;286;Octillery;286.jpg;5
287;45;55;45;65;45;75;1;287;Delibird;287.jpg;0
288;85;40;70;80;140;70;1;288;Mantine;288.jpg;4
289;65;80;140;40;70;70;1;289;Skarmory;289.jpg;1
290;45;60;30;80;50;65;1;290;Houndour;290.jpg;0
291;75;90;50;110;80;95;2;291;Houndoom;291.jpg;4
292;75;90;90;140;90;115;2;292;Mega Houndoom;292.jpg;2
293;75;95;95;95;95;85;1;293;Kingdra;293.jpg;2
294;90;60;60;40;40;40;1;294;Phanpy;294.jpg;3
295;90;120;120;60;60;50;1;295;Donphan;295.jpg;5
296;85;80;90;105;95;60;1;296;Porygon2;296.jpg;2
297;73;95;62;85;65;85;1;297;Stantler;297.jpg;1
298;55;20;35;20;45;75;1;298;Smeargle;298.jpg;0
299;35;35;35;35;35;35;1;299;Tyrogue;299.jpg;0
300;50;95;95;35;110;70;1;300;Hitmontop;300.jpg;1
301;45;30;15;85;65;65;1;301;Smoochum;301.jpg;4
302;45;63;37;65;55;95;1;302;Elekid;302.jpg;0
303;45;75;37;70;55;83;1;303;Magby;303.jpg;0
304;95;80;105;40;70;100;1;304;Miltank;304.jpg;1
305;255;10;10;75;135;55;1;305;Blissey;305.jpg;4
306;90;85;75;115;100;115;1;306;Raikou;306.jpg;2
307;115;115;85;90;75;100;1;307;Entei;307.jpg;2
308;100;75;115;90;115;85;1;308;Suicune;308.jpg;2
309;50;64;50;45;50;41;1;309;Larvitar;309.jpg;3
310;70;84;70;65;70;51;1;310;Pupitar;310.jpg;5
311;100;134;110;95;100;61;2;311;Tyranitar;311.jpg;2
312;100;164;150;95;120;71;2;312;Mega Tyranitar;312.jpg;2
313;106;90;130;90;154;110;1;313;Lugia;313.jpg;2
314;106;130;90;110;154;90;1;314;Ho-oh;314.jpg;2
315;100;100;100;100;100;100;1;315;Celebi;315.jpg;2
316;40;45;35;65;55;70;1;316;Treecko;316.jpg;0
317;50;65;45;85;65;95;1;317;Grovyle;317.jpg;4
318;70;85;65;105;85;120;2;318;Sceptile;318.jpg;2
319;70;110;75;145;85;145;2;319;Mega Sceptile;319.jpg;2
320;45;60;40;70;50;45;1;320;Torchic;320.jpg;0
321;60;85;60;85;60;55;1;321;Combusken;321.jpg;4
322;80;120;70;110;70;80;2;322;Blaziken;322.jpg;2
323;80;160;80;130;80;100;2;323;Mega Blaziken;323.jpg;2
324;50;70;50;50;50;40;1;324;Mudkip;324.jpg;3
325;70;85;70;60;70;50;1;325;Marshtomp;325.jpg;5
326;100;110;90;85;90;60;2;326;Swampert;326.jpg;2
327;100;150;110;95;110;70;2;327;Mega Swampert;327.jpg;2
328;35;55;35;30;30;35;1;328;Poochyena;328.jpg;3
329;70;90;70;60;60;70;1;329;Mightyena;329.jpg;1
330;38;30;41;30;41;60;2;330;Zigzagoon;330.jpg;0
331;38;30;41;30;41;60;2;331;Galarian Zigzagoon;331.jpg;0
332;78;70;61;50;61;100;2;332;Linoone;332.jpg;1
333;78;70;61;50;61;100;2;333;Galarian Linoone;333.jpg;1
334;45;45;35;20;30;20;1;334;Wurmple;334.jpg;3
335;50;35;55;25;25;15;1;335;Silcoon;335.jpg;0
336;60;70;50;100;50;65;1;336;Beautifly;336.jpg;4
337;50;35;55;25;25;15;1;337;Cascoon;337.jpg;0
338;60;50;70;50;90;65;1;338;Dustox;338.jpg;4
339;40;30;30;40;50;30;1;339;Lotad;339.jpg;3
340;60;50;50;60;70;50;1;340;Lombre;340.jpg;0
341;80;70;70;90;100;70;1;341;Ludicolo;341.jpg;4
342;40;40;50;30;30;30;1;342;Seedot;342.jpg;3
343;70;70;40;60;40;60;1;343;Nuzleaf;343.jpg;0
344;90;100;60;90;60;80;1;344;Shiftry;344.jpg;1
345;40;55;30;30;30;85;1;345;Taillow;345.jpg;0
346;60;85;60;75;50;125;1;346;Swellow;346.jpg;1
347;40;30;30;55;30;85;1;347;Wingull;347.jpg;0
348;60;50;100;95;70;65;1;348;Pelipper;348.jpg;4
349;28;25;25;45;35;40;1;349;Ralts;349.jpg;0
350;38;35;35;65;55;50;1;350;Kirlia;350.jpg;0
351;68;65;65;125;115;80;2;351;Gardevoir;351.jpg;4
352;68;85;65;165;135;100;2;352;Mega Gardevoir;352.jpg;2
353;40;30;32;50;52;65;1;353;Surskit;353.jpg;0
354;70;60;62;100;82;80;1;354;Masquerain;354.jpg;4
355;60;40;60;40;60;35;1;355;Shroomish;355.jpg;3
356;60;130;80;60;60;70;1;356;Breloom;356.jpg;1
357;60;60;60;35;35;30;1;357;Slakoth;357.jpg;3
358;80;80;80;55;55;90;1;358;Vigoroth;358.jpg;1
359;150;160;100;95;65;100;1;359;Slaking;359.jpg;2
360;31;45;90;30;30;40;1;360;Nincada;360.jpg;3
361;61;90;45;50;50;160;1;361;Ninjask;361.jpg;1
362;1;90;45;30;30;40;1;362;Shedinja;362.jpg;3
363;64;51;23;51;23;28;1;363;Whismur;363.jpg;0
364;84;71;43;71;43;48;1;364;Loudred;364.jpg;0
365;104;91;63;91;73;68;1;365;Exploud;365.jpg;2
366;72;60;30;20;30;25;1;366;Makuhita;366.jpg;3
367;144;120;60;40;60;50;1;367;Hariyama;367.jpg;1
368;50;20;40;20;40;20;1;368;Azurill;368.jpg;3
369;30;45;135;45;90;30;1;369;Nosepass;369.jpg;3
370;50;45;45;35;35;50;1;370;Skitty;370.jpg;0
371;70;65;65;55;55;90;1;371;Delcatty;371.jpg;1
372;50;75;75;65;65;50;2;372;Sableye;372.jpg;5
373;50;85;125;85;115;20;2;373;Mega Sableye;373.jpg;5
374;50;85;85;55;55;50;2;374;Mawile;374.jpg;5
375;50;105;125;55;95;50;2;375;Mega Mawile;375.jpg;5
376;50;70;100;40;40;30;1;376;Aron;376.jpg;3
377;60;90;140;50;50;40;1;377;Lairon;377.jpg;5
378;70;110;180;60;60;50;2;378;Aggron;378.jpg;5
379;70;140;230;60;80;50;2;379;Mega Aggron;379.jpg;5
380;30;40;55;40;55;60;1;380;Meditite;380.jpg;0
381;60;60;75;60;75;80;2;381;Medicham;381.jpg;4
382;60;100;85;80;85;100;2;382;Mega Medicham;382.jpg;2
383;40;45;40;65;40;65;1;383;Electrike;383.jpg;0
384;70;75;60;105;60;105;2;384;Manectric;384.jpg;4
385;70;75;80;135;80;135;2;385;Mega Manectric;385.jpg;2
386;60;50;40;85;75;95;1;386;Plusle;386.jpg;4
387;60;40;50;75;85;95;1;387;Minun;387.jpg;4
388;65;73;75;47;85;85;1;388;Volbeat;388.jpg;1
389;65;47;75;73;85;85;1;389;Illumise;389.jpg;4
390;50;60;45;100;80;65;1;390;Roselia;390.jpg;4
391;70;43;53;43;53;40;1;391;Gulpin;391.jpg;3
392;100;73;83;73;83;55;1;392;Swalot;392.jpg;5
393;45;90;20;65;20;65;1;393;Carvanha;393.jpg;1
394;70;120;40;95;40;95;2;394;Sharpedo;394.jpg;1
395;70;140;70;110;65;105;2;395;Mega Sharpedo;395.jpg;2
396;130;70;35;70;35;60;1;396;Wailmer;396.jpg;0
397;170;90;45;90;45;60;1;397;Wailord;397.jpg;1
398;60;60;40;65;45;35;1;398;Numel;398.jpg;3
399;70;100;70;105;75;40;2;399;Camerupt;399.jpg;5
400;70;120;100;145;105;20;2;400;Mega Camerupt;400.jpg;5
401;70;85;140;85;70;20;1;401;Torkoal;401.jpg;5
402;60;25;35;70;80;60;1;402;Spoink;402.jpg;0
403;80;45;65;90;110;80;1;403;Grumpig;403.jpg;4
404;60;60;60;60;60;60;1;404;Spinda;404.jpg;0
405;45;100;45;45;45;10;1;405;Trapinch;405.jpg;0
406;50;70;50;50;50;70;1;406;Vibrava;406.jpg;0
407;80;100;80;80;80;100;1;407;Flygon;407.jpg;2
408;50;85;40;85;40;35;1;408;Cacnea;408.jpg;3
409;70;115;60;115;60;55;1;409;Cacturne;409.jpg;2
410;45;40;60;40;75;50;1;410;Swablu;410.jpg;3
411;75;70;90;70;105;80;2;411;Altaria;411.jpg;4
412;75;110;110;110;105;80;2;412;Mega Altaria;412.jpg;2
413;73;115;60;60;60;90;1;413;Zangoose;413.jpg;1
414;73;100;60;100;60;65;1;414;Seviper;414.jpg;1
415;90;55;65;95;85;70;1;415;Lunatone;415.jpg;4
416;90;95;85;55;65;70;1;416;Solrock;416.jpg;1
417;50;48;43;46;41;60;1;417;Barboach;417.jpg;0
418;110;78;73;76;71;60;1;418;Whiscash;418.jpg;5
419;43;80;65;50;35;35;1;419;Corphish;419.jpg;3
420;63;120;85;90;55;55;1;420;Crawdaunt;420.jpg;5
421;40;40;55;40;70;55;1;421;Baltoy;421.jpg;0
422;60;70;105;70;120;75;1;422;Claydol;422.jpg;4
423;66;41;77;61;87;23;1;423;Lileep;423.jpg;3
424;86;81;97;81;107;43;1;424;Cradily;424.jpg;5
425;45;95;50;40;50;75;1;425;Anorith;425.jpg;0
426;75;125;100;70;80;45;1;426;Armaldo;426.jpg;5
427;20;15;20;10;55;80;1;427;Feebas;427.jpg;1
428;95;60;79;100;125;81;1;428;Milotic;428.jpg;4
429;70;70;70;70;70;70;4;429;Castform;429.jpg;4
430;70;70;70;70;70;70;4;430;Sunny Form;430.jpg;4
431;70;70;70;70;70;70;4;431;Rainy Form;431.jpg;4
432;70;70;70;70;70;70;4;432;Snowy Form;432.jpg;4
433;60;90;70;60;120;40;1;433;Kecleon;433.jpg;5
434;44;75;35;63;33;45;1;434;Shuppet;434.jpg;0
435;64;115;65;83;63;65;2;435;Banette;435.jpg;1
436;64;165;75;93;83;75;2;436;Mega Banette;436.jpg;2
437;20;40;90;30;90;25;1;437;Duskull;437.jpg;3
438;40;70;130;60;130;25;1;438;Dusclops;438.jpg;5
439;99;68;83;72;87;51;1;439;Tropius;439.jpg;5
440;75;50;80;95;90;65;1;440;Chimecho;440.jpg;4
441;65;130;60;75;60;75;2;441;Absol;441.jpg;1
442;65;150;60;115;60;115;2;442;Mega Absol;442.jpg;2
443;95;23;48;23;48;23;1;443;Wynaut;443.jpg;3
444;50;50;50;50;50;50;1;444;Snorunt;444.jpg;0
445;80;80;80;80;80;80;2;445;Glalie;445.jpg;4
446;80;120;80;120;80;100;2;446;Mega Glalie;446.jpg;2
447;70;40;50;55;50;25;1;447;Spheal;447.jpg;3
448;90;60;70;75;70;45;1;448;Sealeo;448.jpg;5
449;110;80;90;95;90;65;1;449;Walrein;449.jpg;2
450;35;64;85;74;55;32;1;450;Clamperl;450.jpg;3
451;55;104;105;94;75;52;1;451;Huntail;451.jpg;5
452;55;84;105;114;75;52;1;452;Gorebyss;452.jpg;5
453;100;90;130;45;65;55;1;453;Relicanth;453.jpg;5
454;43;30;55;40;65;97;1;454;Luvdisc;454.jpg;0
455;45;75;60;40;30;50;1;455;Bagon;455.jpg;3
456;65;95;100;60;50;50;1;456;Shelgon;456.jpg;5
457;95;135;80;110;80;100;2;457;Salamence;457.jpg;2
458;95;145;130;120;90;120;2;458;Mega Salamence;458.jpg;2
459;40;55;80;35;60;30;1;459;Beldum;459.jpg;3
460;60;75;100;55;80;50;1;460;Metang;460.jpg;5
461;80;135;130;95;90;70;2;461;Metagross;461.jpg;2
462;80;145;150;105;110;110;2;462;Mega Metagross;462.jpg;2
463;80;100;200;50;100;50;1;463;Regirock;463.jpg;5
464;80;50;100;100;200;50;1;464;Regice;464.jpg;4
465;80;75;150;75;150;50;1;465;Registeel;465.jpg;5
466;80;80;90;110;130;110;2;466;Latias;466.jpg;2
467;80;100;120;140;150;110;2;467;Mega Latias;467.jpg;2
468;80;90;80;130;110;110;2;468;Latios;468.jpg;2
469;80;130;100;160;120;110;2;469;Mega Latios;469.jpg;2
470;100;100;90;150;140;90;2;470;Kyogre;470.jpg;2
471;100;150;90;180;160;90;2;471;Primal Kyogre;471.jpg;2
472;100;150;140;100;90;90;2;472;Groudon;472.jpg;2
473;100;180;160;150;90;90;2;473;Primal Groudon;473.jpg;2
474;105;150;90;150;90;95;2;474;Rayquaza;474.jpg;2
475;105;180;100;180;100;115;2;475;Mega Rayquaza;475.jpg;2
476;100;100;100;100;100;100;1;476;Jirachi;476.jpg;2
477;50;150;50;150;50;150;4;477;Normal Forme;477.jpg;2
478;50;180;20;180;20;150;4;478;Attack Forme;478.jpg;2
479;50;70;160;70;160;90;4;479;Defense Forme;479.jpg;4
480;50;95;90;95;90;180;4;480;Speed Forme;480.jpg;2
481;55;68;64;45;55;31;1;481;Turtwig;481.jpg;3
482;75;89;85;55;65;36;1;482;Grotle;482.jpg;5
483;95;109;105;75;85;56;1;483;Torterra;483.jpg;5
484;44;58;44;58;44;61;1;484;Chimchar;484.jpg;0
485;64;78;52;78;52;81;1;485;Monferno;485.jpg;1
486;76;104;71;104;71;108;1;486;Infernape;486.jpg;2
487;53;51;53;61;56;40;1;487;Piplup;487.jpg;3
488;64;66;68;81;76;50;1;488;Prinplup;488.jpg;4
489;84;86;88;111;101;60;1;489;Empoleon;489.jpg;2
490;40;55;30;30;30;60;1;490;Starly;490.jpg;0
491;55;75;50;40;40;80;1;491;Staravia;491.jpg;0
492;85;120;70;50;60;100;1;492;Staraptor;492.jpg;1
493;59;45;40;35;40;31;1;493;Bidoof;493.jpg;3
494;79;85;60;55;60;71;1;494;Bibarel;494.jpg;1
495;37;25;41;25;41;25;1;495;Kricketot;495.jpg;3
496;77;85;51;55;51;65;1;496;Kricketune;496.jpg;1
497;45;65;34;40;34;45;1;497;Shinx;497.jpg;0
498;60;85;49;60;49;60;1;498;Luxio;498.jpg;1
499;80;120;79;95;79;70;1;499;Luxray;499.jpg;2
500;40;30;35;50;70;55;1;500;Budew;500.jpg;0
501;60;70;65;125;105;90;1;501;Roserade;501.jpg;4
502;67;125;40;30;30;58;1;502;Cranidos;502.jpg;0
503;97;165;60;65;50;58;1;503;Rampardos;503.jpg;1
504;30;42;118;42;88;30;1;504;Shieldon;504.jpg;3
505;60;52;168;47;138;30;1;505;Bastiodon;505.jpg;5
506;40;29;45;29;45;36;3;506;Plant Cloak;506.jpg;3
507;40;29;45;29;45;36;3;507;Sandy Cloak;507.jpg;3
508;40;29;45;29;45;36;3;508;Trash Cloak;508.jpg;3
509;60;59;85;79;105;36;3;509;Plant Cloak;509.jpg;5
510;60;79;105;59;85;36;3;510;Sandy Cloak;510.jpg;5
511;60;69;95;69;95;36;3;511;Trash Cloak;511.jpg;5
512;70;94;50;94;50;66;1;512;Mothim;512.jpg;1
513;30;30;42;30;42;70;1;513;Combee;513.jpg;0
514;70;80;102;80;102;40;1;514;Vespiquen;514.jpg;5
515;60;45;70;45;90;95;1;515;Pachirisu;515.jpg;4
516;55;65;35;60;30;85;1;516;Buizel;516.jpg;0
517;85;105;55;85;50;115;1;517;Floatzel;517.jpg;1
518;45;35;45;62;53;35;1;518;Cherubi;518.jpg;3
519;70;60;70;87;78;85;1;519;Cherrim;519.jpg;4
520;76;48;48;57;62;34;1;520;Shellos;520.jpg;3
521;111;83;68;92;82;39;1;521;Gastrodon;521.jpg;5
522;75;100;66;60;66;115;1;522;Ambipom;522.jpg;1
523;90;50;34;60;44;70;1;523;Drifloon;523.jpg;0
524;150;80;44;90;54;80;1;524;Drifblim;524.jpg;1
525;55;66;44;44;56;85;1;525;Buneary;525.jpg;0
526;65;76;84;54;96;105;2;526;Lopunny;526.jpg;1
527;65;136;94;54;96;135;2;527;Mega Lopunny;527.jpg;1
528;60;60;60;105;105;105;1;528;Mismagius;528.jpg;4
529;100;125;52;105;52;71;1;529;Honchkrow;529.jpg;2
530;49;55;42;42;37;85;1;530;Glameow;530.jpg;0
531;71;82;64;64;59;112;1;531;Purugly;531.jpg;1
532;45;30;50;65;50;45;1;532;Chingling;532.jpg;0
533;63;63;47;41;41;74;1;533;Stunky;533.jpg;0
534;103;93;67;71;61;84;1;534;Skuntank;534.jpg;1
535;57;24;86;24;86;23;1;535;Bronzor;535.jpg;3
536;67;89;116;79;116;33;1;536;Bronzong;536.jpg;5
537;50;80;95;10;45;10;1;537;Bonsly;537.jpg;1
538;20;25;45;70;90;60;1;538;Mime Jr.;538.jpg;4
539;100;5;5;15;65;30;1;539;Happiny;539.jpg;5
540;76;65;45;92;42;91;1;540;Chatot;540.jpg;4
541;50;92;108;92;108;35;1;541;Spiritomb;541.jpg;5
542;58;70;45;40;45;42;1;542;Gible;542.jpg;3
543;68;90;65;50;55;82;1;543;Gabite;543.jpg;1
544;108;130;95;80;85;102;2;544;Garchomp;544.jpg;2
545;108;170;115;120;95;92;2;545;Mega Garchomp;545.jpg;2
546;135;85;40;40;85;5;1;546;Munchlax;546.jpg;1
547;40;70;40;35;40;60;1;547;Riolu;547.jpg;0
548;70;110;70;115;70;90;2;548;Lucario;548.jpg;2
549;70;145;88;140;70;112;2;549;Mega Lucario;549.jpg;2
550;68;72;78;38;42;32;1;550;Hippopotas;550.jpg;3
551;108;112;118;68;72;47;1;551;Hippowdon;551.jpg;5
552;40;50;90;30;55;65;1;552;Skorupi;552.jpg;3
553;70;90;110;60;75;95;1;553;Drapion;553.jpg;1
554;48;61;40;61;40;50;1;554;Croagunk;554.jpg;0
555;83;106;65;86;65;85;1;555;Toxicroak;555.jpg;1
556;74;100;72;90;72;46;1;556;Carnivine;556.jpg;5
557;49;49;56;49;61;66;1;557;Finneon;557.jpg;0
558;69;69;76;69;86;91;1;558;Lumineon;558.jpg;4
559;45;20;50;60;120;50;1;559;Mantyke;559.jpg;4
560;60;62;50;62;60;40;1;560;Snover;560.jpg;3
561;90;92;75;92;85;60;2;561;Abomasnow;561.jpg;2
562;90;132;105;132;105;30;2;562;Mega Abomasnow;562.jpg;5
563;70;120;65;45;85;125;1;563;Weavile;563.jpg;1
564;70;70;115;130;90;60;1;564;Magnezone;564.jpg;4
565;110;85;95;80;95;50;1;565;Lickilicky;565.jpg;5
566;115;140;130;55;55;40;1;566;Rhyperior;566.jpg;5
567;100;100;125;110;50;50;1;567;Tangrowth;567.jpg;5
568;75;123;67;95;85;95;1;568;Electivire;568.jpg;2
569;75;95;67;125;95;83;1;569;Magmortar;569.jpg;2
570;85;50;95;120;115;80;1;570;Togekiss;570.jpg;4
571;86;76;86;116;56;95;1;571;Yanmega;571.jpg;2
572;65;110;130;60;65;95;1;572;Leafeon;572.jpg;1
573;65;60;110;130;95;65;1;573;Glaceon;573.jpg;4
574;75;95;125;45;75;95;1;574;Gliscor;574.jpg;1
575;110;130;80;70;60;80;1;575;Mamoswine;575.jpg;1
576;85;80;70;135;75;90;1;576;Porygon-Z;576.jpg;2
577;68;125;65;65;115;80;2;577;Gallade;577.jpg;1
578;68;165;95;65;115;110;2;578;Mega Gallade;578.jpg;2
579;60;55;145;75;150;40;1;579;Probopass;579.jpg;5
580;45;100;135;65;135;45;1;580;Dusknoir;580.jpg;5
581;70;80;70;80;70;110;1;581;Froslass;581.jpg;1
582;50;50;77;95;77;91;6;582;Rotom;582.jpg;4
583;50;65;107;105;107;86;6;583;Heat Rotom;583.jpg;4
584;50;65;107;105;107;86;6;584;Wash Rotom;584.jpg;4
585;50;65;107;105;107;86;6;585;Frost Rotom;585.jpg;4
586;50;65;107;105;107;86;6;586;Fan Rotom;586.jpg;4
587;50;65;107;105;107;86;6;587;Mow Rotom;587.jpg;4
588;75;75;130;75;130;95;1;588;Uxie;588.jpg;2
589;80;105;105;105;105;80;1;589;Mesprit;589.jpg;2
590;75;125;70;125;70;115;1;590;Azelf;590.jpg;2
591;100;120;120;150;100;90;2;591;Dialga;591.jpg;2
592;100;100;120;150;120;90;2;592;Origin Forme;592.jpg;2
593;90;120;100;150;120;100;2;593;Palkia;593.jpg;2
594;90;100;100;150;120;120;2;594;Origin Forme;594.jpg;2
595;91;90;106;130;106;77;1;595;Heatran;595.jpg;2
596;110;160;110;80;110;100;1;596;Regigigas;596.jpg;2
597;150;100;120;100;120;90;2;597;Altered Forme;597.jpg;2
598;150;120;100;120;100;90;2;598;Origin Forme;598.jpg;2
599;120;70;110;75;120;85;1;599;Cresselia;599.jpg;2
600;80;80;80;80;80;80;1;600;Phione;600.jpg;4
601;100;100;100;100;100;100;1;601;Manaphy;601.jpg;2
602;70;90;90;135;90;125;1;602;Darkrai;602.jpg;2
603;100;100;100;100;100;100;2;603;Land Forme;603.jpg;2
604;100;103;75;120;75;127;2;604;Sky Forme;604.jpg;2
605;120;120;120;120;120;120;1;605;Arceus;605.jpg;2
606;100;100;100;100;100;100;1;606;Victini;606.jpg;2
607;45;45;55;45;55;63;1;607;Snivy;607.jpg;0
608;60;60;75;60;75;83;1;608;Servine;608.jpg;4
609;75;75;95;75;95;113;1;609;Serperior;609.jpg;2
610;65;63;45;45;45;45;1;610;Tepig;610.jpg;3
611;90;93;55;70;55;55;1;611;Pignite;611.jpg;1
612;110;123;65;100;65;65;1;612;Emboar;612.jpg;2
613;55;55;45;63;45;45;1;613;Oshawott;613.jpg;0
614;75;75;60;83;60;60;1;614;Dewott;614.jpg;4
615;95;100;85;108;70;70;2;615;Samurott;615.jpg;2
616;90;108;80;100;65;85;2;616;Hisuian Samurott;616.jpg;2
617;45;55;39;35;39;42;1;617;Patrat;617.jpg;0
618;60;85;69;60;69;77;1;618;Watchog;618.jpg;1
619;45;60;45;25;45;55;1;619;Lillipup;619.jpg;0
620;65;80;65;35;65;60;1;620;Herdier;620.jpg;1
621;85;110;90;45;90;80;1;621;Stoutland;621.jpg;1
622;41;50;37;50;37;66;1;622;Purrloin;622.jpg;0
623;64;88;50;88;50;106;1;623;Liepard;623.jpg;1
624;50;53;48;53;48;64;1;624;Pansage;624.jpg;0
625;75;98;63;98;63;101;1;625;Simisage;625.jpg;2
626;50;53;48;53;48;64;1;626;Pansear;626.jpg;0
627;75;98;63;98;63;101;1;627;Simisear;627.jpg;2
628;50;53;48;53;48;64;1;628;Panpour;628.jpg;0
629;75;98;63;98;63;101;1;629;Simipour;629.jpg;2
630;76;25;45;67;55;24;1;630;Munna;630.jpg;3
631;116;55;85;107;95;29;1;631;Musharna;631.jpg;5
632;50;55;50;36;30;43;1;632;Pidove;632.jpg;3
633;62;77;62;50;42;65;1;633;Tranquill;633.jpg;1
634;80;115;80;65;55;93;1;634;Unfezant;634.jpg;1
635;45;60;32;50;32;76;1;635;Blitzle;635.jpg;0
636;75;100;63;80;63;116;1;636;Zebstrika;636.jpg;1
637;55;75;85;25;25;15;1;637;Roggenrola;637.jpg;3
638;70;105;105;50;40;20;1;638;Boldore;638.jpg;5
639;85;135;130;60;80;25;1;639;Gigalith;639.jpg;5
640;65;45;43;55;43;72;1;640;Woobat;640.jpg;0
641;67;57;55;77;55;114;1;641;Swoobat;641.jpg;4
642;60;85;40;30;45;68;1;642;Drilbur;642.jpg;0
643;110;135;60;50;65;88;1;643;Excadrill;643.jpg;1
644;103;60;86;60;86;50;2;644;Audino;644.jpg;5
645;103;60;126;80;126;50;2;645;Mega Audino;645.jpg;5
646;75;80;55;25;35;35;1;646;Timburr;646.jpg;3
647;85;105;85;40;50;40;1;647;Gurdurr;647.jpg;5
648;105;140;95;55;65;45;1;648;Conkeldurr;648.jpg;5
649;50;50;40;50;40;64;1;649;Tympole;649.jpg;0
650;75;65;55;65;55;69;1;650;Palpitoad;650.jpg;1
651;105;95;75;85;75;74;1;651;Seismitoad;651.jpg;2
652;120;100;85;30;85;45;1;652;Throh;652.jpg;5
653;75;125;75;30;75;85;1;653;Sawk;653.jpg;1
654;45;53;70;40;60;42;1;654;Sewaddle;654.jpg;3
655;55;63;90;50;80;42;1;655;Swadloon;655.jpg;5
656;75;103;80;70;80;92;1;656;Leavanny;656.jpg;1
657;30;45;59;30;39;57;1;657;Venipede;657.jpg;0
658;40;55;99;40;79;47;1;658;Whirlipede;658.jpg;3
659;60;100;89;55;69;112;1;659;Scolipede;659.jpg;1
660;40;27;60;37;50;66;1;660;Cottonee;660.jpg;0
661;60;67;85;77;75;116;1;661;Whimsicott;661.jpg;4
662;45;35;50;70;50;30;1;662;Petilil;662.jpg;3
663;70;60;75;110;75;90;2;663;Lilligant;663.jpg;4
664;70;105;75;50;75;105;2;664;Hisuian Lilligant;664.jpg;1
665;70;92;65;80;55;98;3;665;Red-Striped Form;665.jpg;1
666;70;92;65;80;55;98;3;666;Blue-Striped Form;666.jpg;1
667;70;92;65;80;55;98;3;667;White-Striped Form;667.jpg;1
668;50;72;35;35;35;65;1;668;Sandile;668.jpg;0
669;60;82;45;45;45;74;1;669;Krokorok;669.jpg;0
670;95;117;80;65;70;92;1;670;Krookodile;670.jpg;1
671;70;90;45;15;45;50;2;671;Darumaka;671.jpg;1
672;70;90;45;15;45;50;2;672;Galarian Darumaka;672.jpg;1
673;105;140;55;30;55;95;4;673;Standard Mode;673.jpg;1
674;105;30;105;140;105;55;4;674;Zen Mode;674.jpg;4
675;105;140;55;30;55;95;4;675;Galarian Standard Mode;675.jpg;1
676;105;160;55;30;55;135;4;676;Galarian Zen Mode;676.jpg;1
677;75;86;67;106;67;60;1;677;Maractus;677.jpg;4
678;50;65;85;35;35;55;1;678;Dwebble;678.jpg;3
679;70;105;125;65;75;45;1;679;Crustle;679.jpg;5
680;50;75;70;35;70;48;1;680;Scraggy;680.jpg;3
681;65;90;115;45;115;58;1;681;Scrafty;681.jpg;5
682;72;58;80;103;80;97;1;682;Sigilyph;682.jpg;4
683;38;30;85;55;65;30;2;683;Yamask;683.jpg;3
684;38;55;85;30;65;30;2;684;Galarian Yamask;684.jpg;3
685;58;50;145;95;105;30;1;685;Cofagrigus;685.jpg;5
686;54;78;103;53;45;22;1;686;Tirtouga;686.jpg;3
687;74;108;133;83;65;32;1;687;Carracosta;687.jpg;5
688;55;112;45;74;45;70;1;688;Archen;688.jpg;1
689;75;140;65;112;65;110;1;689;Archeops;689.jpg;2
690;50;50;62;40;62;65;1;690;Trubbish;690.jpg;0
691;80;95;82;60;82;75;1;691;Garbodor;691.jpg;1
692;40;65;40;80;40;65;2;692;Zorua;692.jpg;0
693;35;60;40;85;40;70;2;693;Hisuian Zorua;693.jpg;0
694;60;105;60;120;60;105;2;694;Zoroark;694.jpg;2
695;60;105;60;120;60;105;2;695;Hisuian Zoroark;695.jpg;2
696;55;50;40;40;40;75;1;696;Minccino;696.jpg;0
697;75;95;60;65;60;115;1;697;Cinccino;697.jpg;1
698;45;30;50;55;65;45;1;698;Gothita;698.jpg;0
699;60;45;70;75;85;55;1;699;Gothorita;699.jpg;4
700;70;55;95;95;110;65;1;700;Gothitelle;700.jpg;4
701;45;30;40;105;50;20;1;701;Solosis;701.jpg;3
702;65;40;50;125;60;30;1;702;Duosion;702.jpg;4
703;110;65;75;125;85;30;1;703;Reuniclus;703.jpg;5
704;62;44;50;44;50;55;1;704;Ducklett;704.jpg;0
705;75;87;63;87;63;98;1;705;Swanna;705.jpg;1
706;36;50;50;65;60;44;1;706;Vanillite;706.jpg;0
707;51;65;65;80;75;59;1;707;Vanillish;707.jpg;4
708;71;95;85;110;95;79;1;708;Vanilluxe;708.jpg;2
709;60;60;50;40;50;75;1;709;Deerling;709.jpg;0
710;80;100;70;60;70;95;1;710;Sawsbuck;710.jpg;1
711;55;75;60;75;60;103;1;711;Emolga;711.jpg;1
712;50;75;45;40;45;60;1;712;Karrablast;712.jpg;0
713;70;135;105;60;105;20;1;713;Escavalier;713.jpg;5
714;69;55;45;55;55;15;1;714;Foongus;714.jpg;0
715;114;85;70;85;80;30;1;715;Amoonguss;715.jpg;5
716;55;40;50;65;85;40;1;716;Frillish;716.jpg;3
717;100;60;70;85;105;60;1;717;Jellicent;717.jpg;4
718;165;75;80;40;45;65;1;718;Alomomola;718.jpg;1
719;50;47;50;57;50;65;1;719;Joltik;719.jpg;0
720;70;77;60;97;60;108;1;720;Galvantula;720.jpg;4
721;44;50;91;24;86;10;1;721;Ferroseed;721.jpg;3
722;74;94;131;54;116;20;1;722;Ferrothorn;722.jpg;5
723;40;55;70;45;60;30;1;723;Klink;723.jpg;3
724;60;80;95;70;85;50;1;724;Klang;724.jpg;5
725;60;100;115;70;85;90;1;725;Klinklang;725.jpg;1
726;35;55;40;45;40;60;1;726;Tynamo;726.jpg;0
727;65;85;70;75;70;40;1;727;Eelektrik;727.jpg;5
728;85;115;80;105;80;50;1;728;Eelektross;728.jpg;5
729;55;55;55;85;55;30;1;729;Elgyem;729.jpg;3
730;75;75;75;125;95;40;1;730;Beheeyem;730.jpg;5
731;50;30;55;65;55;20;1;731;Litwick;731.jpg;3
732;60;40;60;95;60;55;1;732;Lampent;732.jpg;4
733;60;55;90;145;90;80;1;733;Chandelure;733.jpg;4
734;46;87;60;30;40;57;1;734;Axew;734.jpg;3
735;66;117;70;40;50;67;1;735;Fraxure;735.jpg;1
736;76;147;90;60;70;97;1;736;Haxorus;736.jpg;1
737;55;70;40;60;40;40;1;737;Cubchoo;737.jpg;0
738;95;130;80;70;80;50;1;738;Beartic;738.jpg;5
739;80;50;50;95;135;105;1;739;Cryogonal;739.jpg;4
740;50;40;85;40;65;25;1;740;Shelmet;740.jpg;3
741;80;70;40;100;60;145;1;741;Accelgor;741.jpg;4
742;109;66;84;81;99;32;2;742;Stunfisk;742.jpg;5
743;109;81;99;66;84;32;2;743;Galarian Stunfisk;743.jpg;5
744;45;85;50;55;50;65;1;744;Mienfoo;744.jpg;0
745;65;125;60;95;60;105;1;745;Mienshao;745.jpg;1
746;77;120;90;60;90;48;1;746;Druddigon;746.jpg;5
747;59;74;50;35;50;35;1;747;Golett;747.jpg;3
748;89;124;80;55;80;55;1;748;Golurk;748.jpg;5
749;45;85;70;40;40;60;1;749;Pawniard;749.jpg;3
750;65;125;100;60;70;70;1;750;Bisharp;750.jpg;1
751;95;110;95;40;95;55;1;751;Bouffalant;751.jpg;5
752;70;83;50;37;50;60;1;752;Rufflet;752.jpg;0
753;100;123;75;57;75;80;2;753;Braviary;753.jpg;1
754;110;83;70;112;70;65;2;754;Hisuian Braviary;754.jpg;2
755;70;55;75;45;65;60;1;755;Vullaby;755.jpg;1
756;110;65;105;55;95;80;1;756;Mandibuzz;756.jpg;1
757;85;97;66;105;66;65;1;757;Heatmor;757.jpg;2
758;58;109;112;48;48;109;1;758;Durant;758.jpg;1
759;52;65;50;45;50;38;1;759;Deino;759.jpg;3
760;72;85;70;65;70;58;1;760;Zweilous;760.jpg;1
761;92;105;90;125;90;98;1;761;Hydreigon;761.jpg;2
762;55;85;55;50;55;60;1;762;Larvesta;762.jpg;1
763;85;60;65;135;105;100;1;763;Volcarona;763.jpg;4
764;91;90;129;90;72;108;1;764;Cobalion;764.jpg;2
765;91;129;90;72;90;108;1;765;Terrakion;765.jpg;2
766;91;90;72;90;129;108;1;766;Virizion;766.jpg;2
767;79;115;70;125;80;111;2;767;Incarnate Forme;767.jpg;2
768;79;100;80;110;90;121;2;768;Therian Forme;768.jpg;2
769;79;115;70;125;80;111;2;769;Incarnate Forme;769.jpg;2
770;79;105;70;145;80;101;2;770;Therian Forme;770.jpg;2
771;100;120;100;150;120;90;1;771;Reshiram;771.jpg;2
772;100;150;120;120;100;90;1;772;Zekrom;772.jpg;2
773;89;125;90;115;80;101;2;773;Incarnate Forme;773.jpg;2
774;89;145;90;105;80;91;2;774;Therian Forme;774.jpg;2
775;125;130;90;130;90;95;3;775;Kyurem;775.jpg;2
776;125;120;90;170;100;95;3;776;White Kyurem;776.jpg;2
777;125;170;100;120;90;95;3;777;Black Kyurem;777.jpg;2
778;91;72;90;129;90;108;2;778;Ordinary Form;778.jpg;2
779;91;72;90;129;90;108;2;779;Resolute Form;779.jpg;2
780;100;77;77;128;128;90;2;780;Aria Forme;780.jpg;2
781;100;128;90;77;77;128;2;781;Pirouette Forme;781.jpg;2
782;71;120;95;120;95;99;1;782;Genesect;782.jpg;2
783;56;61;65;48;45;38;1;783;Chespin;783.jpg;3
784;61;78;95;56;58;57;1;784;Quilladin;784.jpg;1
785;88;107;122;74;75;64;1;785;Chesnaught;785.jpg;5
786;40;45;40;62;60;60;1;786;Fennekin;786.jpg;0
787;59;59;58;90;70;73;1;787;Braixen;787.jpg;4
788;75;69;72;114;100;104;1;788;Delphox;788.jpg;4
789;41;56;40;62;44;71;1;789;Froakie;789.jpg;0
790;54;63;52;83;56;97;1;790;Frogadier;790.jpg;4
791;72;95;67;103;71;122;2;791;Greninja;791.jpg;2
792;72;145;67;153;71;132;2;792;Ash-Greninja;792.jpg;2
793;38;36;38;32;36;57;1;793;Bunnelby;793.jpg;0
794;85;56;77;50;77;78;1;794;Diggersby;794.jpg;1
795;45;50;43;40;38;62;1;795;Fletchling;795.jpg;0
796;62;73;55;56;52;84;1;796;Fletchinder;796.jpg;1
797;78;81;71;74;69;126;1;797;Talonflame;797.jpg;1
798;38;35;40;27;25;35;1;798;Scatterbug;798.jpg;3
799;45;22;60;27;30;29;1;799;Spewpa;799.jpg;3
800;80;52;50;90;50;89;1;800;Vivillon;800.jpg;4
801;62;50;58;73;54;72;1;801;Litleo;801.jpg;4
802;86;68;72;109;66;106;1;802;Pyroar;802.jpg;4
803;44;38;39;61;79;42;1;803;Flabébé;803.jpg;0
804;54;45;47;75;98;52;1;804;Floette;804.jpg;4
805;78;65;68;112;154;75;1;805;Florges;805.jpg;4
806;66;65;48;62;57;52;1;806;Skiddo;806.jpg;0
807;123;100;62;97;81;68;1;807;Gogoat;807.jpg;2
808;67;82;62;46;48;43;1;808;Pancham;808.jpg;3
809;95;124;78;69;71;58;1;809;Pangoro;809.jpg;1
810;75;80;60;65;90;102;1;810;Furfrou;810.jpg;1
811;62;48;54;63;60;68;1;811;Espurr;811.jpg;0
812;74;48;76;83;81;104;2;812;Male;812.jpg;4
813;74;48;76;83;81;104;2;813;Female;813.jpg;4
814;45;80;100;35;37;28;1;814;Honedge;814.jpg;3
815;59;110;150;45;49;35;1;815;Doublade;815.jpg;5
816;60;50;140;50;140;60;2;816;Shield Forme;816.jpg;5
817;60;140;50;140;50;60;2;817;Blade Forme;817.jpg;2
818;78;52;60;63;65;23;1;818;Spritzee;818.jpg;3
819;101;72;72;99;89;29;1;819;Aromatisse;819.jpg;5
820;62;48;66;59;57;49;1;820;Swirlix;820.jpg;3
821;82;80;86;85;75;72;1;821;Slurpuff;821.jpg;4
822;53;54;53;37;46;45;1;822;Inkay;822.jpg;3
823;86;92;88;68;75;73;1;823;Malamar;823.jpg;1
824;42;52;67;39;56;50;1;824;Binacle;824.jpg;3
825;72;105;115;54;86;68;1;825;Barbaracle;825.jpg;1
826;50;60;60;60;60;30;1;826;Skrelp;826.jpg;3
827;65;75;90;97;123;44;1;827;Dragalge;827.jpg;5
828;50;53;62;58;63;44;1;828;Clauncher;828.jpg;3
829;71;73;88;120;89;59;1;829;Clawitzer;829.jpg;4
830;44;38;33;61;43;70;1;830;Helioptile;830.jpg;0
831;62;55;52;109;94;109;1;831;Heliolisk;831.jpg;4
832;58;89;77;45;45;48;1;832;Tyrunt;832.jpg;3
833;82;121;119;69;59;71;1;833;Tyrantrum;833.jpg;1
834;77;59;50;67;63;46;1;834;Amaura;834.jpg;4
835;123;77;72;99;92;58;1;835;Aurorus;835.jpg;2
836;95;65;65;110;130;60;1;836;Sylveon;836.jpg;4
837;78;92;75;74;63;118;1;837;Hawlucha;837.jpg;1
838;67;58;57;81;67;101;1;838;Dedenne;838.jpg;4
839;50;50;150;50;150;50;1;839;Carbink;839.jpg;5
840;45;50;35;55;75;40;1;840;Goomy;840.jpg;0
841;68;75;53;83;113;60;2;841;Sliggoo;841.jpg;4
842;58;75;83;83;113;40;2;842;Hisuian Sliggoo;842.jpg;5
843;90;100;70;110;150;80;2;843;Goodra;843.jpg;2
844;80;100;100;110;150;60;2;844;Hisuian Goodra;844.jpg;2
845;57;80;91;80;87;75;1;845;Klefki;845.jpg;4
846;43;70;48;50;60;38;1;846;Phantump;846.jpg;3
847;85;110;76;65;82;56;1;847;Trevenant;847.jpg;5
848;49;66;70;44;55;51;4;848;Pumpkaboo (Average Size);848.jpg;3
849;44;66;70;44;55;56;4;849;Pumpkaboo (Small Size);849.jpg;3
850;54;66;70;44;55;46;4;850;Pumpkaboo (Large Size);850.jpg;3
851;59;66;70;44;55;41;4;851;Pumpkaboo (Super Size);851.jpg;3
852;65;90;122;58;75;84;4;852;Gourgeist (Average Size);852.jpg;1
853;55;85;122;58;75;99;4;853;Gourgeist (Small Size);853.jpg;1
854;75;95;122;58;75;69;4;854;Gourgeist (Large Size);854.jpg;1
855;85;100;122;58;75;54;4;855;Gourgeist (Super Size);855.jpg;5
856;55;69;85;32;35;28;1;856;Bergmite;856.jpg;3
857;95;117;184;44;46;28;2;857;Avalugg;857.jpg;5
858;95;127;184;34;36;38;2;858;Hisuian Avalugg;858.jpg;5
859;40;30;35;45;40;55;1;859;Noibat;859.jpg;0
860;85;70;80;97;80;123;1;860;Noivern;860.jpg;4
861;126;131;95;131;98;99;1;861;Xerneas;861.jpg;2
862;126;131;95;131;98;99;1;862;Yveltal;862.jpg;2
863;108;100;121;81;95;95;3;863;50% Forme;863.jpg;2
864;54;100;71;61;85;115;3;864;10% Forme;864.jpg;1
865;216;100;121;91;95;85;3;865;Complete Forme;865.jpg;2
866;50;100;150;100;150;50;2;866;Diancie;866.jpg;5
867;50;160;110;160;110;110;2;867;Mega Diancie;867.jpg;2
868;80;110;60;150;130;70;2;868;Hoopa Confined;868.jpg;2
869;80;160;60;170;130;80;2;869;Hoopa Unbound;869.jpg;2
870;80;110;120;130;90;70;1;870;Volcanion;870.jpg;2
871;68;55;55;50;50;42;1;871;Rowlet;871.jpg;3
872;78;75;75;70;70;52;1;872;Dartrix;872.jpg;5
873;78;107;75;100;100;70;2;873;Decidueye;873.jpg;2
874;88;112;80;95;95;60;2;874;Hisuian Decidueye;874.jpg;2
875;45;65;40;60;40;70;1;875;Litten;875.jpg;0
876;65;85;50;80;50;90;1;876;Torracat;876.jpg;1
877;95;115;90;80;90;60;1;877;Incineroar;877.jpg;5
878;50;54;54;66;56;40;1;878;Popplio;878.jpg;3
879;60;69;69;91;81;50;1;879;Brionne;879.jpg;4
880;80;74;74;126;116;60;1;880;Primarina;880.jpg;4
881;35;75;30;30;30;65;1;881;Pikipek;881.jpg;0
882;55;85;50;40;50;75;1;882;Trumbeak;882.jpg;0
883;80;120;75;75;75;60;1;883;Toucannon;883.jpg;1
884;48;70;30;30;30;45;1;884;Yungoos;884.jpg;0
885;88;110;60;55;60;45;1;885;Gumshoos;885.jpg;5
886;47;62;45;55;45;46;1;886;Grubbin;886.jpg;0
887;57;82;95;55;75;36;1;887;Charjabug;887.jpg;5
888;77;70;90;145;75;43;1;888;Vikavolt;888.jpg;5
889;47;82;57;42;47;63;1;889;Crabrawler;889.jpg;0
890;97;132;77;62;67;43;1;890;Crabominable;890.jpg;5
891;75;70;70;98;70;93;4;891;Baile Style;891.jpg;4
892;75;70;70;98;70;93;4;892;Pom-Pom Style;892.jpg;4
893;75;70;70;98;70;93;4;893;Pa'u Style;893.jpg;4
894;75;70;70;98;70;93;4;894;Sensu Style;894.jpg;4
895;40;45;40;55;40;84;1;895;Cutiefly;895.jpg;0
896;60;55;60;95;70;124;1;896;Ribombee;896.jpg;4
897;45;65;40;30;40;60;2;897;Rockruff;897.jpg;0
898;45;65;40;30;40;60;2;898;Own Tempo Rockruff;898.jpg;0
899;75;115;65;55;65;112;3;899;Midday Form;899.jpg;1
900;85;115;75;55;75;82;3;900;Midnight Form;900.jpg;1
901;75;117;65;55;65;110;3;901;Dusk Form;901.jpg;1
902;45;20;20;25;25;40;2;902;Solo Form;902.jpg;3
903;45;140;130;140;135;30;2;903;School Form;903.jpg;5
904;50;53;62;43;52;45;1;904;Mareanie;904.jpg;3
905;50;63;152;53;142;35;1;905;Toxapex;905.jpg;5
906;70;100;70;45;55;45;1;906;Mudbray;906.jpg;1
907;100;125;100;55;85;35;1;907;Mudsdale;907.jpg;5
908;38;40;52;40;72;27;1;908;Dewpider;908.jpg;3
909;68;70;92;50;132;42;1;909;Araquanid;909.jpg;5
910;40;55;35;50;35;35;1;910;Fomantis;910.jpg;0
911;70;105;90;80;90;45;1;911;Lurantis;911.jpg;5
912;40;35;55;65;75;15;1;912;Morelull;912.jpg;0
913;60;45;80;90;100;30;1;913;Shiinotic;913.jpg;5
914;48;44;40;71;40;77;1;914;Salandit;914.jpg;0
915;68;64;60;111;60;117;1;915;Salazzle;915.jpg;4
916;70;75;50;45;50;50;1;916;Stufful;916.jpg;3
917;120;125;80;55;60;60;1;917;Bewear;917.jpg;1
918;42;30;38;30;38;32;1;918;Bounsweet;918.jpg;3
919;52;40;48;40;48;62;1;919;Steenee;919.jpg;0
920;72;120;98;50;98;72;1;920;Tsareena;920.jpg;1
921;51;52;90;82;110;100;1;921;Comfey;921.jpg;4
922;90;60;80;90;110;60;1;922;Oranguru;922.jpg;4
923;100;120;90;40;60;80;1;923;Passimian;923.jpg;1
924;25;35;40;20;30;80;1;924;Wimpod;924.jpg;0
925;75;125;140;60;90;40;1;925;Golisopod;925.jpg;5
926;55;55;80;70;45;15;1;926;Sandygast;926.jpg;4
927;85;75;110;100;75;35;1;927;Palossand;927.jpg;5
928;55;60;130;30;130;5;1;928;Pyukumuku;928.jpg;5
929;95;95;95;95;95;59;1;929;Type: Null;929.jpg;2
930;95;95;95;95;95;95;1;930;Silvally;930.jpg;2
931;60;60;100;60;100;60;2;931;Meteor Form;931.jpg;5
932;60;100;60;100;60;120;2;932;Core Form;932.jpg;1
933;65;115;65;75;95;65;1;933;Komala;933.jpg;1
934;60;78;135;91;85;36;1;934;Turtonator;934.jpg;5
935;65;98;63;40;73;96;1;935;Togedemaru;935.jpg;1
936;55;90;80;50;105;96;1;936;Mimikyu;936.jpg;1
937;68;105;70;70;70;92;1;937;Bruxish;937.jpg;1
938;78;60;85;135;91;36;1;938;Drampa;938.jpg;5
939;70;131;100;86;90;40;1;939;Dhelmise;939.jpg;5
940;45;55;65;45;45;45;1;940;Jangmo-o;940.jpg;3
941;55;75;90;65;70;65;1;941;Hakamo-o;941.jpg;1
942;75;110;125;100;105;85;1;942;Kommo-o;942.jpg;2
943;70;115;85;95;75;130;1;943;Tapu Koko;943.jpg;2
944;70;85;75;130;115;95;1;944;Tapu Lele;944.jpg;2
945;70;130;115;85;95;75;1;945;Tapu Bulu;945.jpg;2
946;70;75;115;95;130;85;1;946;Tapu Fini;946.jpg;2
947;43;29;31;29;31;37;1;947;Cosmog;947.jpg;0
948;43;29;131;29;131;37;1;948;Cosmoem;948.jpg;3
949;137;137;107;113;89;97;1;949;Solgaleo;949.jpg;2
950;137;113;89;137;107;97;1;950;Lunala;950.jpg;2
951;109;53;47;127;131;103;1;951;Nihilego;951.jpg;4
952;107;139;139;53;53;79;1;952;Buzzwole;952.jpg;1
953;71;137;37;137;37;151;1;953;Pheromosa;953.jpg;2
954;83;89;71;173;71;83;1;954;Xurkitree;954.jpg;2
955;97;101;103;107;101;61;1;955;Celesteela;955.jpg;2
956;59;181;131;59;31;109;1;956;Kartana;956.jpg;1
957;223;101;53;97;53;43;1;957;Guzzlord;957.jpg;5
958;97;107;101;127;89;79;4;958;Necrozma;958.jpg;2
959;97;157;127;113;109;77;4;959;Dusk Mane Necrozma;959.jpg;2
960;97;113;109;157;127;77;4;960;Dawn Wings Necrozma;960.jpg;2
961;97;167;97;167;97;129;4;961;Ultra Necrozma;961.jpg;2
962;80;95;115;130;115;65;1;962;Magearna;962.jpg;2
963;90;125;80;90;90;125;1;963;Marshadow;963.jpg;2
964;67;73;67;73;67;73;1;964;Poipole;964.jpg;4
965;73;73;73;127;73;121;1;965;Naganadel;965.jpg;4
966;61;131;211;53;101;13;1;966;Stakataka;966.jpg;1
967;53;127;53;151;79;107;1;967;Blacephalon;967.jpg;2
968;88;112;75;102;80;143;1;968;Zeraora;968.jpg;2
969;46;65;65;55;35;34;1;969;Meltan;969.jpg;3
970;135;143;143;80;65;34;1;970;Melmetal;970.jpg;5
971;50;65;50;40;40;65;1;971;Grookey;971.jpg;0
972;70;85;70;55;60;80;1;972;Thwackey;972.jpg;1
973;100;125;90;60;70;85;1;973;Rillaboom;973.jpg;1
974;50;71;40;40;40;69;1;974;Scorbunny;974.jpg;0
975;65;86;60;55;60;94;1;975;Raboot;975.jpg;1
976;80;116;75;65;75;119;1;976;Cinderace;976.jpg;1
977;50;40;40;70;40;70;1;977;Sobble;977.jpg;0
978;65;60;55;95;55;90;1;978;Drizzile;978.jpg;4
979;70;85;65;125;65;120;1;979;Inteleon;979.jpg;2
980;70;55;55;35;35;25;1;980;Skwovet;980.jpg;3
981;120;95;95;55;75;20;1;981;Greedent;981.jpg;5
982;38;47;35;33;35;57;1;982;Rookidee;982.jpg;0
983;68;67;55;43;55;77;1;983;Corvisquire;983.jpg;1
984;98;87;105;53;85;67;1;984;Corviknight;984.jpg;5
985;25;20;20;25;45;45;1;985;Blipbug;985.jpg;3
986;50;35;80;50;90;30;1;986;Dottler;986.jpg;3
987;60;45;110;80;120;90;1;987;Orbeetle;987.jpg;4
988;40;28;28;47;52;50;1;988;Nickit;988.jpg;0
989;70;58;58;87;92;90;1;989;Thievul;989.jpg;4
990;40;40;60;40;60;10;1;990;Gossifleur;990.jpg;0
991;60;50;90;80;120;60;1;991;Eldegoss;991.jpg;4
992;42;40;55;40;45;48;1;992;Wooloo;992.jpg;3
993;72;80;100;60;90;88;1;993;Dubwool;993.jpg;1
994;50;64;50;38;38;44;1;994;Chewtle;994.jpg;3
995;90;115;90;48;68;74;1;995;Drednaw;995.jpg;1
996;59;45;50;40;50;26;1;996;Yamper;996.jpg;3
997;69;90;60;90;60;121;1;997;Boltund;997.jpg;1
998;30;40;50;40;50;30;1;998;Rolycoly;998.jpg;3
999;80;60;90;60;70;50;1;999;Carkol;999.jpg;5
1000;110;80;120;80;90;30;1;1000;Coalossal;1000.jpg;5
1001;40;40;80;40;40;20;1;1001;Applin;1001.jpg;3
1002;70;110;80;95;60;70;1;1002;Flapple;1002.jpg;2
1003;110;85;80;100;80;30;1;1003;Appletun;1003.jpg;5
1004;52;57;75;35;50;46;1;1004;Silicobra;1004.jpg;3
1005;72;107;125;65;70;71;1;1005;Sandaconda;1005.jpg;1
1006;70;85;55;85;95;85;1;1006;Cramorant;1006.jpg;4
1007;41;63;40;40;30;66;1;1007;Arrokuda;1007.jpg;0
1008;61;123;60;60;50;136;1;1008;Barraskewda;1008.jpg;1
1009;40;38;35;54;35;40;1;1009;Toxel;1009.jpg;0
1010;75;98;70;114;70;75;2;1010;Amped Form;1010.jpg;2
1011;75;98;70;114;70;75;2;1011;Low Key Form;1011.jpg;2
1012;50;65;45;50;50;45;1;1012;Sizzlipede;1012.jpg;0
1013;100;115;65;90;90;65;1;1013;Centiskorch;1013.jpg;2
1014;50;68;60;50;50;32;1;1014;Clobbopus;1014.jpg;3
1015;80;118;90;70;80;42;1;1015;Grapploct;1015.jpg;5
1016;40;45;45;74;54;50;1;1016;Sinistea;1016.jpg;0
1017;60;65;65;134;114;70;1;1017;Polteageist;1017.jpg;4
1018;42;30;45;56;53;39;1;1018;Hatenna;1018.jpg;3
1019;57;40;65;86;73;49;1;1019;Hattrem;1019.jpg;4
1020;57;90;95;136;103;29;1;1020;Hatterene;1020.jpg;5
1021;45;45;30;55;40;50;1;1021;Impidimp;1021.jpg;0
1022;65;60;45;75;55;70;1;1022;Morgrem;1022.jpg;4
1023;95;120;65;95;75;60;1;1023;Grimmsnarl;1023.jpg;2
1024;93;90;101;60;81;95;1;1024;Obstagoon;1024.jpg;1
1025;70;110;100;50;60;50;1;1025;Perrserker;1025.jpg;5
1026;60;95;50;145;130;30;1;1026;Cursola;1026.jpg;5
1027;62;135;95;68;82;65;1;1027;Sirfetch'd;1027.jpg;1
1028;80;85;75;110;100;70;1;1028;Mr. Rime;1028.jpg;2
1029;58;95;145;50;105;30;1;1029;Runerigus;1029.jpg;5
1030;45;40;40;50;61;34;1;1030;Milcery;1030.jpg;3
1031;65;60;75;110;121;64;1;1031;Alcremie;1031.jpg;4
1032;65;100;100;70;60;75;1;1032;Falinks;1032.jpg;1
1033;48;101;95;91;85;15;1;1033;Pincurchin;1033.jpg;5
1034;30;25;35;45;30;20;1;1034;Snom;1034.jpg;3
1035;70;65;60;125;90;65;1;1035;Frosmoth;1035.jpg;4
1036;100;125;135;20;20;70;1;1036;Stonjourner;1036.jpg;1
1037;75;80;110;65;90;50;2;1037;Ice Face;1037.jpg;5
1038;75;80;70;65;50;130;2;1038;Noice Face;1038.jpg;1
1039;60;65;55;105;95;95;2;1039;Male;1039.jpg;4
1040;70;55;65;95;105;85;2;1040;Female;1040.jpg;4
1041;58;95;58;70;58;97;2;1041;Full Belly Mode;1041.jpg;1
1042;58;95;58;70;58;97;2;1042;Hangry Mode;1042.jpg;1
1043;72;80;49;40;49;40;1;1043;Cufant;1043.jpg;3
1044;122;130;69;80;69;30;1;1044;Copperajah;1044.jpg;5
1045;90;100;90;80;70;75;1;1045;Dracozolt;1045.jpg;2
1046;90;100;90;90;80;55;1;1046;Arctozolt;1046.jpg;5
1047;90;90;100;70;80;75;1;1047;Dracovish;1047.jpg;1
1048;90;90;100;80;90;55;1;1048;Arctovish;1048.jpg;5
1049;70;95;115;120;50;85;1;1049;Duraludon;1049.jpg;2
1050;28;60;30;40;30;82;1;1050;Dreepy;1050.jpg;0
1051;68;80;50;60;50;102;1;1051;Drakloak;1051.jpg;1
1052;88;120;75;100;75;142;1;1052;Dragapult;1052.jpg;2
1053;92;120;115;80;115;138;2;1053;Hero of Many Battles;1053.jpg;2
1054;92;150;115;80;115;148;2;1054;Crowned Sword;1054.jpg;2
1055;92;120;115;80;115;138;2;1055;Hero of Many Battles;1055.jpg;2
1056;92;120;140;80;140;128;2;1056;Crowned Shield;1056.jpg;2
1057;140;85;95;145;95;130;2;1057;Eternatus;1057.jpg;2
1058;255;115;250;125;250;130;2;1058;Eternamax;1058.jpg;2
1059;60;90;60;53;50;72;1;1059;Kubfu;1059.jpg;1
1060;100;130;100;63;60;97;2;1060;Single Strike Style;1060.jpg;1
1061;100;130;100;63;60;97;2;1061;Rapid Strike Style;1061.jpg;1
1062;105;120;105;70;95;105;1;1062;Zarude;1062.jpg;2
1063;80;100;50;100;50;200;1;1063;Regieleki;1063.jpg;1
1064;200;100;50;100;50;80;1;1064;Regidrago;1064.jpg;1
1065;100;145;130;65;110;30;1;1065;Glastrier;1065.jpg;5
1066;100;65;60;145;80;130;1;1066;Spectrier;1066.jpg;4
1067;100;80;80;80;80;80;3;1067;Calyrex;1067.jpg;2
1068;100;165;150;85;130;50;3;1068;Ice Rider;1068.jpg;5
1069;100;85;80;165;100;150;3;1069;Shadow Rider;1069.jpg;2
1070;103;105;72;105;75;65;1;1070;Wyrdeer;1070.jpg;2
1071;70;130;95;45;75;85;1;1071;Kleavor;1071.jpg;1
1072;130;140;105;45;80;50;1;1072;Ursaluna;1072.jpg;5
1073;120;112;65;80;75;78;2;1073;Male;1073.jpg;2
1074;120;92;65;100;75;78;2;1074;Female;1074.jpg;2
1075;80;130;60;40;80;120;1;1075;Sneasler;1075.jpg;1
1076;85;115;95;65;65;85;1;1076;Overqwil;1076.jpg;1
1077;74;115;70;135;80;106;2;1077;Incarnate Forme;1077.jpg;2
1078;74;115;110;135;100;46;2;1078;Therian Forme;1078.jpg;5
1079;40;61;54;45;45;65;1;1079;Sprigatito;1079.jpg;0
1080;61;80;63;60;63;83;1;1080;Floragato;1080.jpg;1
1081;76;110;70;81;70;123;1;1081;Meowscarada;1081.jpg;1
1082;67;45;59;63;40;36;1;1082;Fuecoco;1082.jpg;3
1083;81;55;78;90;58;49;1;1083;Crocalor;1083.jpg;4
1084;104;75;100;110;75;66;1;1084;Skeledirge;1084.jpg;2
1085;55;65;45;50;45;50;1;1085;Quaxly;1085.jpg;0
1086;70;85;65;65;60;65;1;1086;Quaxwell;1086.jpg;1
1087;85;120;80;85;75;85;1;1087;Quaquaval;1087.jpg;2
1088;54;45;40;35;45;35;1;1088;Lechonk;1088.jpg;3
1089;110;100;75;59;80;65;2;1089;Male;1089.jpg;1
1090;115;90;70;59;90;65;2;1090;Female;1090.jpg;1
1091;35;41;45;29;40;20;1;1091;Tarountula;1091.jpg;3
1092;60;79;92;52;86;35;1;1092;Spidops;1092.jpg;5
1093;33;46;40;21;25;45;1;1093;Nymble;1093.jpg;0
1094;71;102;78;52;55;92;1;1094;Lokix;1094.jpg;1
1095;45;50;20;40;25;60;1;1095;Pawmi;1095.jpg;0
1096;60;75;40;50;40;85;1;1096;Pawmo;1096.jpg;0
1097;70;115;70;70;60;105;1;1097;Pawmot;1097.jpg;1
1098;50;50;45;40;45;75;1;1098;Tandemaus;1098.jpg;0
1099;74;75;70;65;75;111;2;1099;Maushold (Family of Four);1099.jpg;1
1100;74;75;70;65;75;111;2;1100;Maushold (Family of Three);1100.jpg;1
1101;37;55;70;30;55;65;1;1101;Fidough;1101.jpg;0
1102;57;80;115;50;80;95;1;1102;Dachsbun;1102.jpg;1
1103;41;35;45;58;51;30;1;1103;Smoliv;1103.jpg;3
1104;52;53;60;78;78;33;1;1104;Dolliv;1104.jpg;3
1105;78;69;90;125;109;39;1;1105;Arboliva;1105.jpg;5
1106;82;96;51;45;51;92;4;1106;Green Plumage;1106.jpg;1
1107;82;96;51;45;51;92;4;1107;Squawkabilly (Blue Plumage);1107.jpg;1
1108;82;96;51;45;51;92;4;1108;Squawkabilly (Yellow Plumage);1108.jpg;1
1109;82;96;51;45;51;92;4;1109;Squawkabilly (White Plumage);1109.jpg;1
1110;55;55;75;35;35;25;1;1110;Nacli;1110.jpg;3
1111;60;60;100;35;65;35;1;1111;Naclstack;1111.jpg;3
1112;100;100;130;45;90;35;1;1112;Garganacl;1112.jpg;5
1113;40;50;40;50;40;35;1;1113;Charcadet;1113.jpg;3
1114;85;60;100;125;80;75;1;1114;Armarouge;1114.jpg;4
1115;75;125;80;60;100;85;1;1115;Ceruledge;1115.jpg;1
1116;61;31;41;59;35;45;1;1116;Tadbulb;1116.jpg;0
1117;109;64;91;103;83;45;1;1117;Bellibolt;1117.jpg;5
1118;40;40;35;55;40;70;1;1118;Wattrel;1118.jpg;0
1119;70;70;60;105;60;125;1;1119;Kilowattrel;1119.jpg;4
1120;60;78;60;40;51;51;1;1120;Maschiff;1120.jpg;3
1121;80;120;90;60;70;85;1;1121;Mabosstiff;1121.jpg;1
1122;40;65;35;40;35;75;1;1122;Shroodle;1122.jpg;0
1123;63;95;65;80;72;110;1;1123;Grafaiai;1123.jpg;1
1124;40;65;30;45;35;60;1;1124;Bramblin;1124.jpg;0
1125;55;115;70;80;70;90;1;1125;Brambleghast;1125.jpg;1
1126;40;40;35;50;100;70;1;1126;Toedscool;1126.jpg;0
1127;80;70;65;80;120;100;1;1127;Toedscruel;1127.jpg;4
1128;70;100;115;35;55;75;1;1128;Klawf;1128.jpg;1
1129;50;62;40;62;40;50;1;1129;Capsakid;1129.jpg;0
1130;65;108;65;108;65;75;1;1130;Scovillain;1130.jpg;2
1131;41;50;60;31;58;30;1;1131;Rellor;1131.jpg;3
1132;75;50;85;115;100;45;1;1132;Rabsca;1132.jpg;4
1133;30;35;30;55;30;75;1;1133;Flittle;1133.jpg;0
1134;95;60;60;101;60;105;1;1134;Espathra;1134.jpg;4
1135;50;45;45;35;64;58;1;1135;Tinkatink;1135.jpg;0
1136;65;55;55;45;82;78;1;1136;Tinkatuff;1136.jpg;1
1137;85;75;77;70;105;94;1;1137;Tinkaton;1137.jpg;4
1138;10;55;25;35;25;95;1;1138;Wiglett;1138.jpg;0
1139;35;100;50;50;70;120;1;1139;Wugtrio;1139.jpg;1
1140;70;103;85;60;85;82;1;1140;Bombirdier;1140.jpg;1
1141;70;45;40;45;40;75;1;1141;Finizen;1141.jpg;0
1142;100;70;72;53;62;100;2;1142;Zero Form;1142.jpg;1
1143;100;160;97;106;87;100;2;1143;Hero Form;1143.jpg;2
1144;45;70;63;30;45;47;1;1144;Varoom;1144.jpg;3
1145;80;119;90;54;67;90;1;1145;Revavroom;1145.jpg;1
1146;70;95;65;85;65;121;1;1146;Cyclizar;1146.jpg;1
1147;70;85;145;60;55;65;1;1147;Orthworm;1147.jpg;5
1148;48;35;42;105;60;60;1;1148;Glimmet;1148.jpg;4
1149;83;55;90;130;81;86;1;1149;Glimmora;1149.jpg;4
1150;50;61;60;30;55;34;1;1150;Greavard;1150.jpg;3
1151;72;101;100;50;97;68;1;1151;Houndstone;1151.jpg;1
1152;82;115;74;75;64;90;1;1152;Flamigo;1152.jpg;1
1153;108;68;45;30;40;43;1;1153;Cetoddle;1153.jpg;3
1154;170;113;65;45;55;73;1;1154;Cetitan;1154.jpg;1
1155;90;102;73;78;65;70;1;1155;Veluza;1155.jpg;1
1156;150;100;115;65;65;35;1;1156;Dondozo;1156.jpg;5
1157;68;50;60;120;95;82;3;1157;Curly Form;1157.jpg;4
1158;68;50;60;120;95;82;3;1158;Droopy Form;1158.jpg;4
1159;68;50;60;120;95;82;3;1159;Stretchy Form;1159.jpg;4
1160;110;115;80;50;90;90;1;1160;Annihilape;1160.jpg;1
1161;130;75;60;45;100;20;1;1161;Clodsire;1161.jpg;5
1162;120;90;70;110;70;60;1;1162;Farigiraf;1162.jpg;2
1163;125;100;80;85;75;55;2;1163;Dudunsparce (Two-Segment Form);1163.jpg;5
1164;125;100;80;85;75;55;2;1164;Dudunsparce (Three-Segment Form);1164.jpg;5
1165;100;135;120;60;85;50;1;1165;Kingambit;1165.jpg;5
1166;115;131;131;53;53;87;1;1166;Great Tusk;1166.jpg;1
1167;115;65;99;65;115;111;1;1167;Scream Tail;1167.jpg;2
1168;111;127;99;79;99;55;1;1168;Brute Bonnet;1168.jpg;5
1169;55;55;55;135;135;135;1;1169;Flutter Mane;1169.jpg;4
1170;85;135;79;85;105;81;1;1170;Slither Wing;1170.jpg;2
1171;85;81;97;121;85;101;1;1171;Sandy Shocks;1171.jpg;2
1172;90;112;120;72;70;106;1;1172;Iron Treads;1172.jpg;2
1173;56;80;114;124;60;136;1;1173;Iron Bundle;1173.jpg;2
1174;154;140;108;50;68;50;1;1174;Iron Hands;1174.jpg;5
1175;94;80;86;122;80;108;1;1175;Iron Jugulis;1175.jpg;2
1176;80;70;60;140;110;110;1;1176;Iron Moth;1176.jpg;4
1177;100;134;110;70;84;72;1;1177;Iron Thorns;1177.jpg;2
1178;65;75;45;35;45;55;1;1178;Frigibax;1178.jpg;0
1179;90;95;66;45;65;62;1;1179;Arctibax;1179.jpg;1
1180;115;145;92;75;86;87;1;1180;Baxcalibur;1180.jpg;2
1181;45;30;70;75;70;10;2;1181;Chest Form;1181.jpg;4
1182;45;30;25;75;45;80;2;1182;Roaming Form;1182.jpg;0
1183;87;60;95;133;91;84;1;1183;Gholdengo;1183.jpg;4
1184;85;85;100;95;135;70;1;1184;Wo-Chien;1184.jpg;2
1185;80;120;80;90;65;135;1;1185;Chien-Pao;1185.jpg;2
1186;155;110;125;55;80;45;1;1186;Ting-Lu;1186.jpg;5
1187;55;80;80;135;120;100;1;1187;Chi-Yu;1187.jpg;2
1188;105;139;71;55;101;119;1;1188;Roaring Moon;1188.jpg;1
1189;74;130;90;120;60;116;1;1189;Iron Valiant;1189.jpg;2
1190;100;135;115;85;100;135;1;1190;Koraidon;1190.jpg;2
1191;100;85;100;135;115;135;1;1191;Miraidon;1191.jpg;2
1192;99;83;91;125;83;109;1;1192;Walking Wake;1192.jpg;2
1193;90;130;88;70;108;104;1;1193;Iron Leaves;1193.jpg;2
