,national_id,main_name,hp,attack,defense,spatk,spdef,speed,count_form
0,0,Bulbasaur,45,49,49,65,65,45,1
1,1,Ivysaur,60,62,63,80,80,60,1
2,2,Venusaur,80,82,83,100,100,80,2
3,3,Mega Venusaur,80,100,123,122,120,80,2
4,4,Charmander,39,52,43,60,50,65,1
5,5,Charmeleon,58,64,58,80,65,80,1
6,6,Charizard,78,84,78,109,85,100,3
7,7,Mega Charizard X,78,130,111,130,85,100,3
8,8,Mega Charizard Y,78,104,78,159,115,100,3
9,9,Squirtle,44,48,65,50,64,43,1
10,10,Wartortle,59,63,80,65,80,58,1
11,11,Blastoise,79,83,100,85,105,78,2
12,12,Mega Blastoise,79,103,120,135,115,78,2
13,13,Caterpie,45,30,35,20,20,45,1
14,14,Metapod,50,20,55,25,25,30,1
15,15,Butterfree,60,45,50,90,80,70,1
16,16,Weedle,40,35,30,20,20,50,1
17,17,Kakuna,45,25,50,25,25,35,1
18,18,Beedrill,65,90,40,45,80,75,2
19,19,Mega Beedrill,65,150,40,15,80,145,2
20,20,Pidgey,40,45,40,35,35,56,1
21,21,Pidgeotto,63,60,55,50,50,71,1
22,22,Pidgeot,83,80,75,70,70,101,2
23,23,Mega Pidgeot,83,80,80,135,80,121,2
24,24,Rattata,30,56,35,25,35,72,2
25,25,Alolan Rattata,30,56,35,25,35,72,2
26,26,Raticate,55,81,60,50,70,97,2
27,27,Alolan Raticate,75,71,70,40,80,77,2
28,28,Spearow,40,60,30,31,31,70,1
29,29,Fearow,65,90,65,61,61,100,1
30,30,Ekans,35,60,44,40,54,55,1
31,31,Arbok,60,95,69,65,79,80,1
32,32,Pikachu,35,55,40,50,50,90,2
33,33,Partner Pikachu,45,80,50,75,60,120,2
34,34,Raichu,60,90,55,90,80,110,2
35,35,Alolan Raichu,60,85,50,95,85,110,2
36,36,Sandshrew,50,75,85,20,30,40,2
37,37,Alolan Sandshrew,50,75,90,10,35,40,2
38,38,Sandslash,75,100,110,45,55,65,2
39,39,Alolan Sandslash,75,100,120,25,65,65,2
40,40,Nidoran♀,55,47,52,40,40,41,1
41,41,Nidorina,70,62,67,55,55,56,1
42,42,Nidoqueen,90,92,87,75,85,76,1
43,43,Nidoran♂,46,57,40,40,40,50,1
44,44,Nidorino,61,72,57,55,55,65,1
45,45,Nidoking,81,102,77,85,75,85,1
46,46,Clefairy,70,45,48,60,65,35,1
47,47,Clefable,95,70,73,95,90,60,1
48,48,Vulpix,38,41,40,50,65,65,2
49,49,Alolan Vulpix,38,41,40,50,65,65,2
50,50,Ninetales,73,76,75,81,100,100,2
51,51,Alolan Ninetales,73,67,75,81,100,109,2
52,52,Jigglypuff,115,45,20,45,25,20,1
53,53,Wigglytuff,140,70,45,85,50,45,1
54,54,Zubat,40,45,35,30,40,55,1
55,55,Golbat,75,80,70,65,75,90,1
56,56,Oddish,45,50,55,75,65,30,1
57,57,Gloom,60,65,70,85,75,40,1
58,58,Vileplume,75,80,85,110,90,50,1
59,59,Paras,35,70,55,45,55,25,1
60,60,Parasect,60,95,80,60,80,30,1
61,61,Venonat,60,55,50,40,55,45,1
62,62,Venomoth,70,65,60,90,75,90,1
63,63,Diglett,10,55,25,35,45,95,2
64,64,Alolan Diglett,10,55,30,35,45,90,2
65,65,Dugtrio,35,100,50,50,70,120,2
66,66,Alolan Dugtrio,35,100,60,50,70,110,2
67,67,Meowth,40,45,35,40,40,90,3
68,68,Alolan Meowth,40,35,35,50,40,90,3
69,69,Galarian Meowth,50,65,55,40,40,40,3
70,70,Persian,65,70,60,65,65,115,2
71,71,Alolan Persian,65,60,60,75,65,115,2
72,72,Psyduck,50,52,48,65,50,55,1
73,73,Golduck,80,82,78,95,80,85,1
74,74,Mankey,40,80,35,35,45,70,1
75,75,Primeape,65,105,60,60,70,95,1
76,76,Growlithe,55,70,45,70,50,60,2
77,77,Hisuian Growlithe,60,75,45,65,50,55,2
78,78,Arcanine,90,110,80,100,80,95,2
79,79,Hisuian Arcanine,95,115,80,95,80,90,2
80,80,Poliwag,40,50,40,40,40,90,1
81,81,Poliwhirl,65,65,65,50,50,90,1
82,82,Poliwrath,90,95,95,70,90,70,1
83,83,Abra,25,20,15,105,55,90,1
84,84,Kadabra,40,35,30,120,70,105,1
85,85,Alakazam,55,50,45,135,95,120,2
86,86,Mega Alakazam,55,50,65,175,105,150,2
87,87,Machop,70,80,50,35,35,35,1
88,88,Machoke,80,100,70,50,60,45,1
89,89,Machamp,90,130,80,65,85,55,1
90,90,Bellsprout,50,75,35,70,30,40,1
91,91,Weepinbell,65,90,50,85,45,55,1
92,92,Victreebel,80,105,65,100,70,70,1
93,93,Tentacool,40,40,35,50,100,70,1
94,94,Tentacruel,80,70,65,80,120,100,1
95,95,Geodude,40,80,100,30,30,20,2
96,96,Alolan Geodude,40,80,100,30,30,20,2
97,97,Graveler,55,95,115,45,45,35,2
98,98,Alolan Graveler,55,95,115,45,45,35,2
99,99,Golem,80,120,130,55,65,45,2
100,100,Alolan Golem,80,120,130,55,65,45,2
101,101,Ponyta,50,85,55,65,65,90,2
102,102,Galarian Ponyta,50,85,55,65,65,90,2
103,103,Rapidash,65,100,70,80,80,105,2
104,104,Galarian Rapidash,65,100,70,80,80,105,2
105,105,Slowpoke,90,65,65,40,40,15,2
106,106,Galarian Slowpoke,90,65,65,40,40,15,2
107,107,Slowbro,95,75,110,100,80,30,3
108,108,Mega Slowbro,95,75,180,130,80,30,3
109,109,Galarian Slowbro,95,100,95,100,70,30,3
110,110,Magnemite,25,35,70,95,55,45,1
111,111,Magneton,50,60,95,120,70,70,1
112,112,Farfetch'd,52,90,55,58,62,60,2
113,113,Galarian Farfetch'd,52,95,55,58,62,55,2
114,114,Doduo,35,85,45,35,35,75,1
115,115,Dodrio,60,110,70,60,60,110,1
116,116,Seel,65,45,55,45,70,45,1
117,117,Dewgong,90,70,80,70,95,70,1
118,118,Grimer,80,80,50,40,50,25,2
119,119,Alolan Grimer,80,80,50,40,50,25,2
120,120,Muk,105,105,75,65,100,50,2
121,121,Alolan Muk,105,105,75,65,100,50,2
122,122,Shellder,30,65,100,45,25,40,1
123,123,Cloyster,50,95,180,85,45,70,1
124,124,Gastly,30,35,30,100,35,80,1
125,125,Haunter,45,50,45,115,55,95,1
126,126,Gengar,60,65,60,130,75,110,2
127,127,Mega Gengar,60,65,80,170,95,130,2
128,128,Onix,35,45,160,30,45,70,1
129,129,Drowzee,60,48,45,43,90,42,1
130,130,Hypno,85,73,70,73,115,67,1
131,131,Krabby,30,105,90,25,25,50,1
132,132,Kingler,55,130,115,50,50,75,1
133,133,Voltorb,40,30,50,55,55,100,2
134,134,Hisuian Voltorb,40,30,50,55,55,100,2
135,135,Electrode,60,50,70,80,80,150,2
136,136,Hisuian Electrode,60,50,70,80,80,150,2
137,137,Exeggcute,60,40,80,60,45,40,1
138,138,Exeggutor,95,95,85,125,75,55,2
139,139,Alolan Exeggutor,95,105,85,125,75,45,2
140,140,Cubone,50,50,95,40,50,35,1
141,141,Marowak,60,80,110,50,80,45,2
142,142,Alolan Marowak,60,80,110,50,80,45,2
143,143,Hitmonlee,50,120,53,35,110,87,1
144,144,Hitmonchan,50,105,79,35,110,76,1
145,145,Lickitung,90,55,75,60,75,30,1
146,146,Koffing,40,65,95,60,45,35,1
147,147,Weezing,65,90,120,85,70,60,2
148,148,Galarian Weezing,65,90,120,85,70,60,2
149,149,Rhyhorn,80,85,95,30,30,25,1
150,150,Rhydon,105,130,120,45,45,40,1
151,151,Chansey,250,5,5,35,105,50,1
152,152,Tangela,65,55,115,100,40,60,1
153,153,Kangaskhan,105,95,80,40,80,90,2
154,154,Mega Kangaskhan,105,125,100,60,100,100,2
155,155,Horsea,30,40,70,70,25,60,1
156,156,Seadra,55,65,95,95,45,85,1
157,157,Goldeen,45,67,60,35,50,63,1
158,158,Seaking,80,92,65,65,80,68,1
159,159,Staryu,30,45,55,70,55,85,1
160,160,Starmie,60,75,85,100,85,115,1
161,161,Mr. Mime,40,45,65,100,120,90,2
162,162,Galarian Mr. Mime,50,65,65,90,90,100,2
163,163,Scyther,70,110,80,55,80,105,1
164,164,Jynx,65,50,35,115,95,95,1
165,165,Electabuzz,65,83,57,95,85,105,1
166,166,Magmar,65,95,57,100,85,93,1
167,167,Pinsir,65,125,100,55,70,85,2
168,168,Mega Pinsir,65,155,120,65,90,105,2
169,169,Tauros,75,100,95,40,70,110,4
170,170,Combat Breed,75,110,105,30,70,100,4
171,171,Blaze Breed,75,110,105,30,70,100,4
172,172,Aqua Breed,75,110,105,30,70,100,4
173,173,Magikarp,20,10,55,15,20,80,1
174,174,Gyarados,95,125,79,60,100,81,2
175,175,Mega Gyarados,95,155,109,70,130,81,2
176,176,Lapras,130,85,80,85,95,60,1
177,177,Ditto,48,48,48,48,48,48,1
178,178,Eevee,55,55,50,45,65,55,2
179,179,Partner Eevee,65,75,70,65,85,75,2
180,180,Vaporeon,130,65,60,110,95,65,1
181,181,Jolteon,65,65,60,110,95,130,1
182,182,Flareon,65,130,60,95,110,65,1
183,183,Porygon,65,60,70,85,75,40,1
184,184,Omanyte,35,40,100,90,55,35,1
185,185,Omastar,70,60,125,115,70,55,1
186,186,Kabuto,30,80,90,55,45,55,1
187,187,Kabutops,60,115,105,65,70,80,1
188,188,Aerodactyl,80,105,65,60,75,130,2
189,189,Mega Aerodactyl,80,135,85,70,95,150,2
190,190,Snorlax,160,110,65,65,110,30,1
191,191,Articuno,90,85,100,95,125,85,2
192,192,Galarian Articuno,90,85,85,125,100,95,2
193,193,Zapdos,90,90,85,125,90,100,2
194,194,Galarian Zapdos,90,125,90,85,90,100,2
195,195,Moltres,90,100,90,125,85,90,2
196,196,Galarian Moltres,90,85,90,100,125,90,2
197,197,Dratini,41,64,45,50,50,50,1
198,198,Dragonair,61,84,65,70,70,70,1
199,199,Dragonite,91,134,95,100,100,80,1
200,200,Mewtwo,106,110,90,154,90,130,3
201,201,Mega Mewtwo X,106,190,100,154,100,130,3
202,202,Mega Mewtwo Y,106,150,70,194,120,140,3
203,203,Mew,100,100,100,100,100,100,1
204,204,Chikorita,45,49,65,49,65,45,1
205,205,Bayleef,60,62,80,63,80,60,1
206,206,Meganium,80,82,100,83,100,80,1
207,207,Cyndaquil,39,52,43,60,50,65,1
208,208,Quilava,58,64,58,80,65,80,1
209,209,Typhlosion,78,84,78,109,85,100,2
210,210,Hisuian Typhlosion,73,84,78,119,85,95,2
211,211,Totodile,50,65,64,44,48,43,1
212,212,Croconaw,65,80,80,59,63,58,1
213,213,Feraligatr,85,105,100,79,83,78,1
214,214,Sentret,35,46,34,35,45,20,1
215,215,Furret,85,76,64,45,55,90,1
216,216,Hoothoot,60,30,30,36,56,50,1
217,217,Noctowl,100,50,50,86,96,70,1
218,218,Ledyba,40,20,30,40,80,55,1
219,219,Ledian,55,35,50,55,110,85,1
220,220,Spinarak,40,60,40,40,40,30,1
221,221,Ariados,70,90,70,60,70,40,1
222,222,Crobat,85,90,80,70,80,130,1
223,223,Chinchou,75,38,38,56,56,67,1
224,224,Lanturn,125,58,58,76,76,67,1
225,225,Pichu,20,40,15,35,35,60,1
226,226,Cleffa,50,25,28,45,55,15,1
227,227,Igglybuff,90,30,15,40,20,15,1
228,228,Togepi,35,20,65,40,65,20,1
229,229,Togetic,55,40,85,80,105,40,1
230,230,Natu,40,50,45,70,45,70,1
231,231,Xatu,65,75,70,95,70,95,1
232,232,Mareep,55,40,40,65,45,35,1
233,233,Flaaffy,70,55,55,80,60,45,1
234,234,Ampharos,90,75,85,115,90,55,2
235,235,Mega Ampharos,90,95,105,165,110,45,2
236,236,Bellossom,75,80,95,90,100,50,1
237,237,Marill,70,20,50,20,50,40,1
238,238,Azumarill,100,50,80,60,80,50,1
239,239,Sudowoodo,70,100,115,30,65,30,1
240,240,Politoed,90,75,75,90,100,70,1
241,241,Hoppip,35,35,40,35,55,50,1
242,242,Skiploom,55,45,50,45,65,80,1
243,243,Jumpluff,75,55,70,55,95,110,1
244,244,Aipom,55,70,55,40,55,85,1
245,245,Sunkern,30,30,30,30,30,30,1
246,246,Sunflora,75,75,55,105,85,30,1
247,247,Yanma,65,65,45,75,45,95,1
248,248,Wooper,55,45,45,25,25,15,2
249,249,Paldean Wooper,55,45,45,25,25,15,2
250,250,Quagsire,95,85,85,65,65,35,1
251,251,Espeon,65,65,60,130,95,110,1
252,252,Umbreon,95,65,110,60,130,65,1
253,253,Murkrow,60,85,42,85,42,91,1
254,254,Slowking,95,75,80,100,110,30,2
255,255,Galarian Slowking,95,65,80,110,110,30,2
256,256,Misdreavus,60,60,60,85,85,85,1
257,257,Unown,48,72,48,72,48,48,1
258,258,Wobbuffet,190,33,58,33,58,33,1
259,259,Girafarig,70,80,65,90,65,85,1
260,260,Pineco,50,65,90,35,35,15,1
261,261,Forretress,75,90,140,60,60,40,1
262,262,Dunsparce,100,70,70,65,65,45,1
263,263,Gligar,65,75,105,35,65,85,1
264,264,Steelix,75,85,200,55,65,30,2
265,265,Mega Steelix,75,125,230,55,95,30,2
266,266,Snubbull,60,80,50,40,40,30,1
267,267,Granbull,90,120,75,60,60,45,1
268,268,Qwilfish,65,95,85,55,55,85,2
269,269,Hisuian Qwilfish,65,95,85,55,55,85,2
270,270,Scizor,70,130,100,55,80,65,2
271,271,Mega Scizor,70,150,140,65,100,75,2
272,272,Shuckle,20,10,230,10,230,5,1
273,273,Heracross,80,125,75,40,95,85,2
274,274,Mega Heracross,80,185,115,40,105,75,2
275,275,Sneasel,55,95,55,35,75,115,2
276,276,Hisuian Sneasel,55,95,55,35,75,115,2
277,277,Teddiursa,60,80,50,50,50,40,1
278,278,Ursaring,90,130,75,75,75,55,1
279,279,Slugma,40,40,40,70,40,20,1
280,280,Magcargo,60,50,120,90,80,30,1
281,281,Swinub,50,50,40,30,30,50,1
282,282,Piloswine,100,100,80,60,60,50,1
283,283,Corsola,65,55,95,65,95,35,2
284,284,Galarian Corsola,60,55,100,65,100,30,2
285,285,Remoraid,35,65,35,65,35,65,1
286,286,Octillery,75,105,75,105,75,45,1
287,287,Delibird,45,55,45,65,45,75,1
288,288,Mantine,85,40,70,80,140,70,1
289,289,Skarmory,65,80,140,40,70,70,1
290,290,Houndour,45,60,30,80,50,65,1
291,291,Houndoom,75,90,50,110,80,95,2
292,292,Mega Houndoom,75,90,90,140,90,115,2
293,293,Kingdra,75,95,95,95,95,85,1
294,294,Phanpy,90,60,60,40,40,40,1
295,295,Donphan,90,120,120,60,60,50,1
296,296,Porygon2,85,80,90,105,95,60,1
297,297,Stantler,73,95,62,85,65,85,1
298,298,Smeargle,55,20,35,20,45,75,1
299,299,Tyrogue,35,35,35,35,35,35,1
300,300,Hitmontop,50,95,95,35,110,70,1
301,301,Smoochum,45,30,15,85,65,65,1
302,302,Elekid,45,63,37,65,55,95,1
303,303,Magby,45,75,37,70,55,83,1
304,304,Miltank,95,80,105,40,70,100,1
305,305,Blissey,255,10,10,75,135,55,1
306,306,Raikou,90,85,75,115,100,115,1
307,307,Entei,115,115,85,90,75,100,1
308,308,Suicune,100,75,115,90,115,85,1
309,309,Larvitar,50,64,50,45,50,41,1
310,310,Pupitar,70,84,70,65,70,51,1
311,311,Tyranitar,100,134,110,95,100,61,2
312,312,Mega Tyranitar,100,164,150,95,120,71,2
313,313,Lugia,106,90,130,90,154,110,1
314,314,Ho-oh,106,130,90,110,154,90,1
315,315,Celebi,100,100,100,100,100,100,1
316,316,Treecko,40,45,35,65,55,70,1
317,317,Grovyle,50,65,45,85,65,95,1
318,318,Sceptile,70,85,65,105,85,120,2
319,319,Mega Sceptile,70,110,75,145,85,145,2
320,320,Torchic,45,60,40,70,50,45,1
321,321,Combusken,60,85,60,85,60,55,1
322,322,Blaziken,80,120,70,110,70,80,2
323,323,Mega Blaziken,80,160,80,130,80,100,2
324,324,Mudkip,50,70,50,50,50,40,1
325,325,Marshtomp,70,85,70,60,70,50,1
326,326,Swampert,100,110,90,85,90,60,2
327,327,Mega Swampert,100,150,110,95,110,70,2
328,328,Poochyena,35,55,35,30,30,35,1
329,329,Mightyena,70,90,70,60,60,70,1
330,330,Zigzagoon,38,30,41,30,41,60,2
331,331,Galarian Zigzagoon,38,30,41,30,41,60,2
332,332,Linoone,78,70,61,50,61,100,2
333,333,Galarian Linoone,78,70,61,50,61,100,2
334,334,Wurmple,45,45,35,20,30,20,1
335,335,Silcoon,50,35,55,25,25,15,1
336,336,Beautifly,60,70,50,100,50,65,1
337,337,Cascoon,50,35,55,25,25,15,1
338,338,Dustox,60,50,70,50,90,65,1
339,339,Lotad,40,30,30,40,50,30,1
340,340,Lombre,60,50,50,60,70,50,1
341,341,Ludicolo,80,70,70,90,100,70,1
342,342,Seedot,40,40,50,30,30,30,1
343,343,Nuzleaf,70,70,40,60,40,60,1
344,344,Shiftry,90,100,60,90,60,80,1
345,345,Taillow,40,55,30,30,30,85,1
346,346,Swellow,60,85,60,75,50,125,1
347,347,Wingull,40,30,30,55,30,85,1
348,348,Pelipper,60,50,100,95,70,65,1
349,349,Ralts,28,25,25,45,35,40,1
350,350,Kirlia,38,35,35,65,55,50,1
351,351,Gardevoir,68,65,65,125,115,80,2
352,352,Mega Gardevoir,68,85,65,165,135,100,2
353,353,Surskit,40,30,32,50,52,65,1
354,354,Masquerain,70,60,62,100,82,80,1
355,355,Shroomish,60,40,60,40,60,35,1
356,356,Breloom,60,130,80,60,60,70,1
357,357,Slakoth,60,60,60,35,35,30,1
358,358,Vigoroth,80,80,80,55,55,90,1
359,359,Slaking,150,160,100,95,65,100,1
360,360,Nincada,31,45,90,30,30,40,1
361,361,Ninjask,61,90,45,50,50,160,1
362,362,Shedinja,1,90,45,30,30,40,1
363,363,Whismur,64,51,23,51,23,28,1
364,364,Loudred,84,71,43,71,43,48,1
365,365,Exploud,104,91,63,91,73,68,1
366,366,Makuhita,72,60,30,20,30,25,1
367,367,Hariyama,144,120,60,40,60,50,1
368,368,Azurill,50,20,40,20,40,20,1
369,369,Nosepass,30,45,135,45,90,30,1
370,370,Skitty,50,45,45,35,35,50,1
371,371,Delcatty,70,65,65,55,55,90,1
372,372,Sableye,50,75,75,65,65,50,2
373,373,Mega Sableye,50,85,125,85,115,20,2
374,374,Mawile,50,85,85,55,55,50,2
375,375,Mega Mawile,50,105,125,55,95,50,2
376,376,Aron,50,70,100,40,40,30,1
377,377,Lairon,60,90,140,50,50,40,1
378,378,Aggron,70,110,180,60,60,50,2
379,379,Mega Aggron,70,140,230,60,80,50,2
380,380,Meditite,30,40,55,40,55,60,1
381,381,Medicham,60,60,75,60,75,80,2
382,382,Mega Medicham,60,100,85,80,85,100,2
383,383,Electrike,40,45,40,65,40,65,1
384,384,Manectric,70,75,60,105,60,105,2
385,385,Mega Manectric,70,75,80,135,80,135,2
386,386,Plusle,60,50,40,85,75,95,1
387,387,Minun,60,40,50,75,85,95,1
388,388,Volbeat,65,73,75,47,85,85,1
389,389,Illumise,65,47,75,73,85,85,1
390,390,Roselia,50,60,45,100,80,65,1
391,391,Gulpin,70,43,53,43,53,40,1
392,392,Swalot,100,73,83,73,83,55,1
393,393,Carvanha,45,90,20,65,20,65,1
394,394,Sharpedo,70,120,40,95,40,95,2
395,395,Mega Sharpedo,70,140,70,110,65,105,2
396,396,Wailmer,130,70,35,70,35,60,1
397,397,Wailord,170,90,45,90,45,60,1
398,398,Numel,60,60,40,65,45,35,1
399,399,Camerupt,70,100,70,105,75,40,2
400,400,Mega Camerupt,70,120,100,145,105,20,2
401,401,Torkoal,70,85,140,85,70,20,1
402,402,Spoink,60,25,35,70,80,60,1
403,403,Grumpig,80,45,65,90,110,80,1
404,404,Spinda,60,60,60,60,60,60,1
405,405,Trapinch,45,100,45,45,45,10,1
406,406,Vibrava,50,70,50,50,50,70,1
407,407,Flygon,80,100,80,80,80,100,1
408,408,Cacnea,50,85,40,85,40,35,1
409,409,Cacturne,70,115,60,115,60,55,1
410,410,Swablu,45,40,60,40,75,50,1
411,411,Altaria,75,70,90,70,105,80,2
412,412,Mega Altaria,75,110,110,110,105,80,2
413,413,Zangoose,73,115,60,60,60,90,1
414,414,Seviper,73,100,60,100,60,65,1
415,415,Lunatone,90,55,65,95,85,70,1
416,416,Solrock,90,95,85,55,65,70,1
417,417,Barboach,50,48,43,46,41,60,1
418,418,Whiscash,110,78,73,76,71,60,1
419,419,Corphish,43,80,65,50,35,35,1
420,420,Crawdaunt,63,120,85,90,55,55,1
421,421,Baltoy,40,40,55,40,70,55,1
422,422,Claydol,60,70,105,70,120,75,1
423,423,Lileep,66,41,77,61,87,23,1
424,424,Cradily,86,81,97,81,107,43,1
425,425,Anorith,45,95,50,40,50,75,1
426,426,Armaldo,75,125,100,70,80,45,1
427,427,Feebas,20,15,20,10,55,80,1
428,428,Milotic,95,60,79,100,125,81,1
429,429,Castform,70,70,70,70,70,70,4
430,430,Sunny Form,70,70,70,70,70,70,4
431,431,Rainy Form,70,70,70,70,70,70,4
432,432,Snowy Form,70,70,70,70,70,70,4
433,433,Kecleon,60,90,70,60,120,40,1
434,434,Shuppet,44,75,35,63,33,45,1
435,435,Banette,64,115,65,83,63,65,2
436,436,Mega Banette,64,165,75,93,83,75,2
437,437,Duskull,20,40,90,30,90,25,1
438,438,Dusclops,40,70,130,60,130,25,1
439,439,Tropius,99,68,83,72,87,51,1
440,440,Chimecho,75,50,80,95,90,65,1
441,441,Absol,65,130,60,75,60,75,2
442,442,Mega Absol,65,150,60,115,60,115,2
443,443,Wynaut,95,23,48,23,48,23,1
444,444,Snorunt,50,50,50,50,50,50,1
445,445,Glalie,80,80,80,80,80,80,2
446,446,Mega Glalie,80,120,80,120,80,100,2
447,447,Spheal,70,40,50,55,50,25,1
448,448,Sealeo,90,60,70,75,70,45,1
449,449,Walrein,110,80,90,95,90,65,1
450,450,Clamperl,35,64,85,74,55,32,1
451,451,Huntail,55,104,105,94,75,52,1
452,452,Gorebyss,55,84,105,114,75,52,1
453,453,Relicanth,100,90,130,45,65,55,1
454,454,Luvdisc,43,30,55,40,65,97,1
455,455,Bagon,45,75,60,40,30,50,1
456,456,Shelgon,65,95,100,60,50,50,1
457,457,Salamence,95,135,80,110,80,100,2
458,458,Mega Salamence,95,145,130,120,90,120,2
459,459,Beldum,40,55,80,35,60,30,1
460,460,Metang,60,75,100,55,80,50,1
461,461,Metagross,80,135,130,95,90,70,2
462,462,Mega Metagross,80,145,150,105,110,110,2
463,463,Regirock,80,100,200,50,100,50,1
464,464,Regice,80,50,100,100,200,50,1
465,465,Registeel,80,75,150,75,150,50,1
466,466,Latias,80,80,90,110,130,110,2
467,467,Mega Latias,80,100,120,140,150,110,2
468,468,Latios,80,90,80,130,110,110,2
469,469,Mega Latios,80,130,100,160,120,110,2
470,470,Kyogre,100,100,90,150,140,90,2
471,471,Primal Kyogre,100,150,90,180,160,90,2
472,472,Groudon,100,150,140,100,90,90,2
473,473,Primal Groudon,100,180,160,150,90,90,2
474,474,Rayquaza,105,150,90,150,90,95,2
475,475,Mega Rayquaza,105,180,100,180,100,115,2
476,476,Jirachi,100,100,100,100,100,100,1
477,477,Normal Forme,50,150,50,150,50,150,4
478,478,Attack Forme,50,180,20,180,20,150,4
479,479,Defense Forme,50,70,160,70,160,90,4
480,480,Speed Forme,50,95,90,95,90,180,4
481,481,Turtwig,55,68,64,45,55,31,1
482,482,Grotle,75,89,85,55,65,36,1
483,483,Torterra,95,109,105,75,85,56,1
484,484,Chimchar,44,58,44,58,44,61,1
485,485,Monferno,64,78,52,78,52,81,1
486,486,Infernape,76,104,71,104,71,108,1
487,487,Piplup,53,51,53,61,56,40,1
488,488,Prinplup,64,66,68,81,76,50,1
489,489,Empoleon,84,86,88,111,101,60,1
490,490,Starly,40,55,30,30,30,60,1
491,491,Staravia,55,75,50,40,40,80,1
492,492,Staraptor,85,120,70,50,60,100,1
493,493,Bidoof,59,45,40,35,40,31,1
494,494,Bibarel,79,85,60,55,60,71,1
495,495,Kricketot,37,25,41,25,41,25,1
496,496,Kricketune,77,85,51,55,51,65,1
497,497,Shinx,45,65,34,40,34,45,1
498,498,Luxio,60,85,49,60,49,60,1
499,499,Luxray,80,120,79,95,79,70,1
500,500,Budew,40,30,35,50,70,55,1
501,501,Roserade,60,70,65,125,105,90,1
502,502,Cranidos,67,125,40,30,30,58,1
503,503,Rampardos,97,165,60,65,50,58,1
504,504,Shieldon,30,42,118,42,88,30,1
505,505,Bastiodon,60,52,168,47,138,30,1
506,506,Plant Cloak,40,29,45,29,45,36,3
507,507,Sandy Cloak,40,29,45,29,45,36,3
508,508,Trash Cloak,40,29,45,29,45,36,3
509,509,Plant Cloak,60,59,85,79,105,36,3
510,510,Sandy Cloak,60,79,105,59,85,36,3
511,511,Trash Cloak,60,69,95,69,95,36,3
512,512,Mothim,70,94,50,94,50,66,1
513,513,Combee,30,30,42,30,42,70,1
514,514,Vespiquen,70,80,102,80,102,40,1
515,515,Pachirisu,60,45,70,45,90,95,1
516,516,Buizel,55,65,35,60,30,85,1
517,517,Floatzel,85,105,55,85,50,115,1
518,518,Cherubi,45,35,45,62,53,35,1
519,519,Cherrim,70,60,70,87,78,85,1
520,520,Shellos,76,48,48,57,62,34,1
521,521,Gastrodon,111,83,68,92,82,39,1
522,522,Ambipom,75,100,66,60,66,115,1
523,523,Drifloon,90,50,34,60,44,70,1
524,524,Drifblim,150,80,44,90,54,80,1
525,525,Buneary,55,66,44,44,56,85,1
526,526,Lopunny,65,76,84,54,96,105,2
527,527,Mega Lopunny,65,136,94,54,96,135,2
528,528,Mismagius,60,60,60,105,105,105,1
529,529,Honchkrow,100,125,52,105,52,71,1
530,530,Glameow,49,55,42,42,37,85,1
531,531,Purugly,71,82,64,64,59,112,1
532,532,Chingling,45,30,50,65,50,45,1
533,533,Stunky,63,63,47,41,41,74,1
534,534,Skuntank,103,93,67,71,61,84,1
535,535,Bronzor,57,24,86,24,86,23,1
536,536,Bronzong,67,89,116,79,116,33,1
537,537,Bonsly,50,80,95,10,45,10,1
538,538,Mime Jr.,20,25,45,70,90,60,1
539,539,Happiny,100,5,5,15,65,30,1
540,540,Chatot,76,65,45,92,42,91,1
541,541,Spiritomb,50,92,108,92,108,35,1
542,542,Gible,58,70,45,40,45,42,1
543,543,Gabite,68,90,65,50,55,82,1
544,544,Garchomp,108,130,95,80,85,102,2
545,545,Mega Garchomp,108,170,115,120,95,92,2
546,546,Munchlax,135,85,40,40,85,5,1
547,547,Riolu,40,70,40,35,40,60,1
548,548,Lucario,70,110,70,115,70,90,2
549,549,Mega Lucario,70,145,88,140,70,112,2
550,550,Hippopotas,68,72,78,38,42,32,1
551,551,Hippowdon,108,112,118,68,72,47,1
552,552,Skorupi,40,50,90,30,55,65,1
553,553,Drapion,70,90,110,60,75,95,1
554,554,Croagunk,48,61,40,61,40,50,1
555,555,Toxicroak,83,106,65,86,65,85,1
556,556,Carnivine,74,100,72,90,72,46,1
557,557,Finneon,49,49,56,49,61,66,1
558,558,Lumineon,69,69,76,69,86,91,1
559,559,Mantyke,45,20,50,60,120,50,1
560,560,Snover,60,62,50,62,60,40,1
561,561,Abomasnow,90,92,75,92,85,60,2
562,562,Mega Abomasnow,90,132,105,132,105,30,2
563,563,Weavile,70,120,65,45,85,125,1
564,564,Magnezone,70,70,115,130,90,60,1
565,565,Lickilicky,110,85,95,80,95,50,1
566,566,Rhyperior,115,140,130,55,55,40,1
567,567,Tangrowth,100,100,125,110,50,50,1
568,568,Electivire,75,123,67,95,85,95,1
569,569,Magmortar,75,95,67,125,95,83,1
570,570,Togekiss,85,50,95,120,115,80,1
571,571,Yanmega,86,76,86,116,56,95,1
572,572,Leafeon,65,110,130,60,65,95,1
573,573,Glaceon,65,60,110,130,95,65,1
574,574,Gliscor,75,95,125,45,75,95,1
575,575,Mamoswine,110,130,80,70,60,80,1
576,576,Porygon-Z,85,80,70,135,75,90,1
577,577,Gallade,68,125,65,65,115,80,2
578,578,Mega Gallade,68,165,95,65,115,110,2
579,579,Probopass,60,55,145,75,150,40,1
580,580,Dusknoir,45,100,135,65,135,45,1
581,581,Froslass,70,80,70,80,70,110,1
582,582,Rotom,50,50,77,95,77,91,6
583,583,Heat Rotom,50,65,107,105,107,86,6
584,584,Wash Rotom,50,65,107,105,107,86,6
585,585,Frost Rotom,50,65,107,105,107,86,6
586,586,Fan Rotom,50,65,107,105,107,86,6
587,587,Mow Rotom,50,65,107,105,107,86,6
588,588,Uxie,75,75,130,75,130,95,1
589,589,Mesprit,80,105,105,105,105,80,1
590,590,Azelf,75,125,70,125,70,115,1
591,591,Dialga,100,120,120,150,100,90,2
592,592,Origin Forme,100,100,120,150,120,90,2
593,593,Palkia,90,120,100,150,120,100,2
594,594,Origin Forme,90,100,100,150,120,120,2
595,595,Heatran,91,90,106,130,106,77,1
596,596,Regigigas,110,160,110,80,110,100,1
597,597,Altered Forme,150,100,120,100,120,90,2
598,598,Origin Forme,150,120,100,120,100,90,2
599,599,Cresselia,120,70,110,75,120,85,1
600,600,Phione,80,80,80,80,80,80,1
601,601,Manaphy,100,100,100,100,100,100,1
602,602,Darkrai,70,90,90,135,90,125,1
603,603,Land Forme,100,100,100,100,100,100,2
604,604,Sky Forme,100,103,75,120,75,127,2
605,605,Arceus,120,120,120,120,120,120,1
606,606,Victini,100,100,100,100,100,100,1
607,607,Snivy,45,45,55,45,55,63,1
608,608,Servine,60,60,75,60,75,83,1
609,609,Serperior,75,75,95,75,95,113,1
610,610,Tepig,65,63,45,45,45,45,1
611,611,Pignite,90,93,55,70,55,55,1
612,612,Emboar,110,123,65,100,65,65,1
613,613,Oshawott,55,55,45,63,45,45,1
614,614,Dewott,75,75,60,83,60,60,1
615,615,Samurott,95,100,85,108,70,70,2
616,616,Hisuian Samurott,90,108,80,100,65,85,2
617,617,Patrat,45,55,39,35,39,42,1
618,618,Watchog,60,85,69,60,69,77,1
619,619,Lillipup,45,60,45,25,45,55,1
620,620,Herdier,65,80,65,35,65,60,1
621,621,Stoutland,85,110,90,45,90,80,1
622,622,Purrloin,41,50,37,50,37,66,1
623,623,Liepard,64,88,50,88,50,106,1
624,624,Pansage,50,53,48,53,48,64,1
625,625,Simisage,75,98,63,98,63,101,1
626,626,Pansear,50,53,48,53,48,64,1
627,627,Simisear,75,98,63,98,63,101,1
628,628,Panpour,50,53,48,53,48,64,1
629,629,Simipour,75,98,63,98,63,101,1
630,630,Munna,76,25,45,67,55,24,1
631,631,Musharna,116,55,85,107,95,29,1
632,632,Pidove,50,55,50,36,30,43,1
633,633,Tranquill,62,77,62,50,42,65,1
634,634,Unfezant,80,115,80,65,55,93,1
635,635,Blitzle,45,60,32,50,32,76,1
636,636,Zebstrika,75,100,63,80,63,116,1
637,637,Roggenrola,55,75,85,25,25,15,1
638,638,Boldore,70,105,105,50,40,20,1
639,639,Gigalith,85,135,130,60,80,25,1
640,640,Woobat,65,45,43,55,43,72,1
641,641,Swoobat,67,57,55,77,55,114,1
642,642,Drilbur,60,85,40,30,45,68,1
643,643,Excadrill,110,135,60,50,65,88,1
644,644,Audino,103,60,86,60,86,50,2
645,645,Mega Audino,103,60,126,80,126,50,2
646,646,Timburr,75,80,55,25,35,35,1
647,647,Gurdurr,85,105,85,40,50,40,1
648,648,Conkeldurr,105,140,95,55,65,45,1
649,649,Tympole,50,50,40,50,40,64,1
650,650,Palpitoad,75,65,55,65,55,69,1
651,651,Seismitoad,105,95,75,85,75,74,1
652,652,Throh,120,100,85,30,85,45,1
653,653,Sawk,75,125,75,30,75,85,1
654,654,Sewaddle,45,53,70,40,60,42,1
655,655,Swadloon,55,63,90,50,80,42,1
656,656,Leavanny,75,103,80,70,80,92,1
657,657,Venipede,30,45,59,30,39,57,1
658,658,Whirlipede,40,55,99,40,79,47,1
659,659,Scolipede,60,100,89,55,69,112,1
660,660,Cottonee,40,27,60,37,50,66,1
661,661,Whimsicott,60,67,85,77,75,116,1
662,662,Petilil,45,35,50,70,50,30,1
663,663,Lilligant,70,60,75,110,75,90,2
664,664,Hisuian Lilligant,70,105,75,50,75,105,2
665,665,Red-Striped Form,70,92,65,80,55,98,3
666,666,Blue-Striped Form,70,92,65,80,55,98,3
667,667,White-Striped Form,70,92,65,80,55,98,3
668,668,Sandile,50,72,35,35,35,65,1
669,669,Krokorok,60,82,45,45,45,74,1
670,670,Krookodile,95,117,80,65,70,92,1
671,671,Darumaka,70,90,45,15,45,50,2
672,672,Galarian Darumaka,70,90,45,15,45,50,2
673,673,Standard Mode,105,140,55,30,55,95,4
674,674,Zen Mode,105,30,105,140,105,55,4
675,675,Galarian Standard Mode,105,140,55,30,55,95,4
676,676,Galarian Zen Mode,105,160,55,30,55,135,4
677,677,Maractus,75,86,67,106,67,60,1
678,678,Dwebble,50,65,85,35,35,55,1
679,679,Crustle,70,105,125,65,75,45,1
680,680,Scraggy,50,75,70,35,70,48,1
681,681,Scrafty,65,90,115,45,115,58,1
682,682,Sigilyph,72,58,80,103,80,97,1
683,683,Yamask,38,30,85,55,65,30,2
684,684,Galarian Yamask,38,55,85,30,65,30,2
685,685,Cofagrigus,58,50,145,95,105,30,1
686,686,Tirtouga,54,78,103,53,45,22,1
687,687,Carracosta,74,108,133,83,65,32,1
688,688,Archen,55,112,45,74,45,70,1
689,689,Archeops,75,140,65,112,65,110,1
690,690,Trubbish,50,50,62,40,62,65,1
691,691,Garbodor,80,95,82,60,82,75,1
692,692,Zorua,40,65,40,80,40,65,2
693,693,Hisuian Zorua,35,60,40,85,40,70,2
694,694,Zoroark,60,105,60,120,60,105,2
695,695,Hisuian Zoroark,60,105,60,120,60,105,2
696,696,Minccino,55,50,40,40,40,75,1
697,697,Cinccino,75,95,60,65,60,115,1
698,698,Gothita,45,30,50,55,65,45,1
699,699,Gothorita,60,45,70,75,85,55,1
700,700,Gothitelle,70,55,95,95,110,65,1
701,701,Solosis,45,30,40,105,50,20,1
702,702,Duosion,65,40,50,125,60,30,1
703,703,Reuniclus,110,65,75,125,85,30,1
704,704,Ducklett,62,44,50,44,50,55,1
705,705,Swanna,75,87,63,87,63,98,1
706,706,Vanillite,36,50,50,65,60,44,1
707,707,Vanillish,51,65,65,80,75,59,1
708,708,Vanilluxe,71,95,85,110,95,79,1
709,709,Deerling,60,60,50,40,50,75,1
710,710,Sawsbuck,80,100,70,60,70,95,1
711,711,Emolga,55,75,60,75,60,103,1
712,712,Karrablast,50,75,45,40,45,60,1
713,713,Escavalier,70,135,105,60,105,20,1
714,714,Foongus,69,55,45,55,55,15,1
715,715,Amoonguss,114,85,70,85,80,30,1
716,716,Frillish,55,40,50,65,85,40,1
717,717,Jellicent,100,60,70,85,105,60,1
718,718,Alomomola,165,75,80,40,45,65,1
719,719,Joltik,50,47,50,57,50,65,1
720,720,Galvantula,70,77,60,97,60,108,1
721,721,Ferroseed,44,50,91,24,86,10,1
722,722,Ferrothorn,74,94,131,54,116,20,1
723,723,Klink,40,55,70,45,60,30,1
724,724,Klang,60,80,95,70,85,50,1
725,725,Klinklang,60,100,115,70,85,90,1
726,726,Tynamo,35,55,40,45,40,60,1
727,727,Eelektrik,65,85,70,75,70,40,1
728,728,Eelektross,85,115,80,105,80,50,1
729,729,Elgyem,55,55,55,85,55,30,1
730,730,Beheeyem,75,75,75,125,95,40,1
731,731,Litwick,50,30,55,65,55,20,1
732,732,Lampent,60,40,60,95,60,55,1
733,733,Chandelure,60,55,90,145,90,80,1
734,734,Axew,46,87,60,30,40,57,1
735,735,Fraxure,66,117,70,40,50,67,1
736,736,Haxorus,76,147,90,60,70,97,1
737,737,Cubchoo,55,70,40,60,40,40,1
738,738,Beartic,95,130,80,70,80,50,1
739,739,Cryogonal,80,50,50,95,135,105,1
740,740,Shelmet,50,40,85,40,65,25,1
741,741,Accelgor,80,70,40,100,60,145,1
742,742,Stunfisk,109,66,84,81,99,32,2
743,743,Galarian Stunfisk,109,81,99,66,84,32,2
744,744,Mienfoo,45,85,50,55,50,65,1
745,745,Mienshao,65,125,60,95,60,105,1
746,746,Druddigon,77,120,90,60,90,48,1
747,747,Golett,59,74,50,35,50,35,1
748,748,Golurk,89,124,80,55,80,55,1
749,749,Pawniard,45,85,70,40,40,60,1
750,750,Bisharp,65,125,100,60,70,70,1
751,751,Bouffalant,95,110,95,40,95,55,1
752,752,Rufflet,70,83,50,37,50,60,1
753,753,Braviary,100,123,75,57,75,80,2
754,754,Hisuian Braviary,110,83,70,112,70,65,2
755,755,Vullaby,70,55,75,45,65,60,1
756,756,Mandibuzz,110,65,105,55,95,80,1
757,757,Heatmor,85,97,66,105,66,65,1
758,758,Durant,58,109,112,48,48,109,1
759,759,Deino,52,65,50,45,50,38,1
760,760,Zweilous,72,85,70,65,70,58,1
761,761,Hydreigon,92,105,90,125,90,98,1
762,762,Larvesta,55,85,55,50,55,60,1
763,763,Volcarona,85,60,65,135,105,100,1
764,764,Cobalion,91,90,129,90,72,108,1
765,765,Terrakion,91,129,90,72,90,108,1
766,766,Virizion,91,90,72,90,129,108,1
767,767,Incarnate Forme,79,115,70,125,80,111,2
768,768,Therian Forme,79,100,80,110,90,121,2
769,769,Incarnate Forme,79,115,70,125,80,111,2
770,770,Therian Forme,79,105,70,145,80,101,2
771,771,Reshiram,100,120,100,150,120,90,1
772,772,Zekrom,100,150,120,120,100,90,1
773,773,Incarnate Forme,89,125,90,115,80,101,2
774,774,Therian Forme,89,145,90,105,80,91,2
775,775,Kyurem,125,130,90,130,90,95,3
776,776,White Kyurem,125,120,90,170,100,95,3
777,777,Black Kyurem,125,170,100,120,90,95,3
778,778,Ordinary Form,91,72,90,129,90,108,2
779,779,Resolute Form,91,72,90,129,90,108,2
780,780,Aria Forme,100,77,77,128,128,90,2
781,781,Pirouette Forme,100,128,90,77,77,128,2
782,782,Genesect,71,120,95,120,95,99,1
783,783,Chespin,56,61,65,48,45,38,1
784,784,Quilladin,61,78,95,56,58,57,1
785,785,Chesnaught,88,107,122,74,75,64,1
786,786,Fennekin,40,45,40,62,60,60,1
787,787,Braixen,59,59,58,90,70,73,1
788,788,Delphox,75,69,72,114,100,104,1
789,789,Froakie,41,56,40,62,44,71,1
790,790,Frogadier,54,63,52,83,56,97,1
791,791,Greninja,72,95,67,103,71,122,2
792,792,Ash-Greninja,72,145,67,153,71,132,2
793,793,Bunnelby,38,36,38,32,36,57,1
794,794,Diggersby,85,56,77,50,77,78,1
795,795,Fletchling,45,50,43,40,38,62,1
796,796,Fletchinder,62,73,55,56,52,84,1
797,797,Talonflame,78,81,71,74,69,126,1
798,798,Scatterbug,38,35,40,27,25,35,1
799,799,Spewpa,45,22,60,27,30,29,1
800,800,Vivillon,80,52,50,90,50,89,1
801,801,Litleo,62,50,58,73,54,72,1
802,802,Pyroar,86,68,72,109,66,106,1
803,803,Flabébé,44,38,39,61,79,42,1
804,804,Floette,54,45,47,75,98,52,1
805,805,Florges,78,65,68,112,154,75,1
806,806,Skiddo,66,65,48,62,57,52,1
807,807,Gogoat,123,100,62,97,81,68,1
808,808,Pancham,67,82,62,46,48,43,1
809,809,Pangoro,95,124,78,69,71,58,1
810,810,Furfrou,75,80,60,65,90,102,1
811,811,Espurr,62,48,54,63,60,68,1
812,812,Male,74,48,76,83,81,104,2
813,813,Female,74,48,76,83,81,104,2
814,814,Honedge,45,80,100,35,37,28,1
815,815,Doublade,59,110,150,45,49,35,1
816,816,Shield Forme,60,50,140,50,140,60,2
817,817,Blade Forme,60,140,50,140,50,60,2
818,818,Spritzee,78,52,60,63,65,23,1
819,819,Aromatisse,101,72,72,99,89,29,1
820,820,Swirlix,62,48,66,59,57,49,1
821,821,Slurpuff,82,80,86,85,75,72,1
822,822,Inkay,53,54,53,37,46,45,1
823,823,Malamar,86,92,88,68,75,73,1
824,824,Binacle,42,52,67,39,56,50,1
825,825,Barbaracle,72,105,115,54,86,68,1
826,826,Skrelp,50,60,60,60,60,30,1
827,827,Dragalge,65,75,90,97,123,44,1
828,828,Clauncher,50,53,62,58,63,44,1
829,829,Clawitzer,71,73,88,120,89,59,1
830,830,Helioptile,44,38,33,61,43,70,1
831,831,Heliolisk,62,55,52,109,94,109,1
832,832,Tyrunt,58,89,77,45,45,48,1
833,833,Tyrantrum,82,121,119,69,59,71,1
834,834,Amaura,77,59,50,67,63,46,1
835,835,Aurorus,123,77,72,99,92,58,1
836,836,Sylveon,95,65,65,110,130,60,1
837,837,Hawlucha,78,92,75,74,63,118,1
838,838,Dedenne,67,58,57,81,67,101,1
839,839,Carbink,50,50,150,50,150,50,1
840,840,Goomy,45,50,35,55,75,40,1
841,841,Sliggoo,68,75,53,83,113,60,2
842,842,Hisuian Sliggoo,58,75,83,83,113,40,2
843,843,Goodra,90,100,70,110,150,80,2
844,844,Hisuian Goodra,80,100,100,110,150,60,2
845,845,Klefki,57,80,91,80,87,75,1
846,846,Phantump,43,70,48,50,60,38,1
847,847,Trevenant,85,110,76,65,82,56,1
848,848,Average Size,49,66,70,44,55,51,4
849,849,Small Size,44,66,70,44,55,56,4
850,850,Large Size,54,66,70,44,55,46,4
851,851,Super Size,59,66,70,44,55,41,4
852,852,Average Size,65,90,122,58,75,84,4
853,853,Small Size,55,85,122,58,75,99,4
854,854,Large Size,75,95,122,58,75,69,4
855,855,Super Size,85,100,122,58,75,54,4
856,856,Bergmite,55,69,85,32,35,28,1
857,857,Avalugg,95,117,184,44,46,28,2
858,858,Hisuian Avalugg,95,127,184,34,36,38,2
859,859,Noibat,40,30,35,45,40,55,1
860,860,Noivern,85,70,80,97,80,123,1
861,861,Xerneas,126,131,95,131,98,99,1
862,862,Yveltal,126,131,95,131,98,99,1
863,863,50% Forme,108,100,121,81,95,95,3
864,864,10% Forme,54,100,71,61,85,115,3
865,865,Complete Forme,216,100,121,91,95,85,3
866,866,Diancie,50,100,150,100,150,50,2
867,867,Mega Diancie,50,160,110,160,110,110,2
868,868,Hoopa Confined,80,110,60,150,130,70,2
869,869,Hoopa Unbound,80,160,60,170,130,80,2
870,870,Volcanion,80,110,120,130,90,70,1
871,871,Rowlet,68,55,55,50,50,42,1
872,872,Dartrix,78,75,75,70,70,52,1
873,873,Decidueye,78,107,75,100,100,70,2
874,874,Hisuian Decidueye,88,112,80,95,95,60,2
875,875,Litten,45,65,40,60,40,70,1
876,876,Torracat,65,85,50,80,50,90,1
877,877,Incineroar,95,115,90,80,90,60,1
878,878,Popplio,50,54,54,66,56,40,1
879,879,Brionne,60,69,69,91,81,50,1
880,880,Primarina,80,74,74,126,116,60,1
881,881,Pikipek,35,75,30,30,30,65,1
882,882,Trumbeak,55,85,50,40,50,75,1
883,883,Toucannon,80,120,75,75,75,60,1
884,884,Yungoos,48,70,30,30,30,45,1
885,885,Gumshoos,88,110,60,55,60,45,1
886,886,Grubbin,47,62,45,55,45,46,1
887,887,Charjabug,57,82,95,55,75,36,1
888,888,Vikavolt,77,70,90,145,75,43,1
889,889,Crabrawler,47,82,57,42,47,63,1
890,890,Crabominable,97,132,77,62,67,43,1
891,891,Baile Style,75,70,70,98,70,93,4
892,892,Pom-Pom Style,75,70,70,98,70,93,4
893,893,Pa'u Style,75,70,70,98,70,93,4
894,894,Sensu Style,75,70,70,98,70,93,4
895,895,Cutiefly,40,45,40,55,40,84,1
896,896,Ribombee,60,55,60,95,70,124,1
897,897,Rockruff,45,65,40,30,40,60,2
898,898,Own Tempo Rockruff,45,65,40,30,40,60,2
899,899,Midday Form,75,115,65,55,65,112,3
900,900,Midnight Form,85,115,75,55,75,82,3
901,901,Dusk Form,75,117,65,55,65,110,3
902,902,Solo Form,45,20,20,25,25,40,2
903,903,School Form,45,140,130,140,135,30,2
904,904,Mareanie,50,53,62,43,52,45,1
905,905,Toxapex,50,63,152,53,142,35,1
906,906,Mudbray,70,100,70,45,55,45,1
907,907,Mudsdale,100,125,100,55,85,35,1
908,908,Dewpider,38,40,52,40,72,27,1
909,909,Araquanid,68,70,92,50,132,42,1
910,910,Fomantis,40,55,35,50,35,35,1
911,911,Lurantis,70,105,90,80,90,45,1
912,912,Morelull,40,35,55,65,75,15,1
913,913,Shiinotic,60,45,80,90,100,30,1
914,914,Salandit,48,44,40,71,40,77,1
915,915,Salazzle,68,64,60,111,60,117,1
916,916,Stufful,70,75,50,45,50,50,1
917,917,Bewear,120,125,80,55,60,60,1
918,918,Bounsweet,42,30,38,30,38,32,1
919,919,Steenee,52,40,48,40,48,62,1
920,920,Tsareena,72,120,98,50,98,72,1
921,921,Comfey,51,52,90,82,110,100,1
922,922,Oranguru,90,60,80,90,110,60,1
923,923,Passimian,100,120,90,40,60,80,1
924,924,Wimpod,25,35,40,20,30,80,1
925,925,Golisopod,75,125,140,60,90,40,1
926,926,Sandygast,55,55,80,70,45,15,1
927,927,Palossand,85,75,110,100,75,35,1
928,928,Pyukumuku,55,60,130,30,130,5,1
929,929,Type: Null,95,95,95,95,95,59,1
930,930,Silvally,95,95,95,95,95,95,1
931,931,Meteor Form,60,60,100,60,100,60,2
932,932,Core Form,60,100,60,100,60,120,2
933,933,Komala,65,115,65,75,95,65,1
934,934,Turtonator,60,78,135,91,85,36,1
935,935,Togedemaru,65,98,63,40,73,96,1
936,936,Mimikyu,55,90,80,50,105,96,1
937,937,Bruxish,68,105,70,70,70,92,1
938,938,Drampa,78,60,85,135,91,36,1
939,939,Dhelmise,70,131,100,86,90,40,1
940,940,Jangmo-o,45,55,65,45,45,45,1
941,941,Hakamo-o,55,75,90,65,70,65,1
942,942,Kommo-o,75,110,125,100,105,85,1
943,943,Tapu Koko,70,115,85,95,75,130,1
944,944,Tapu Lele,70,85,75,130,115,95,1
945,945,Tapu Bulu,70,130,115,85,95,75,1
946,946,Tapu Fini,70,75,115,95,130,85,1
947,947,Cosmog,43,29,31,29,31,37,1
948,948,Cosmoem,43,29,131,29,131,37,1
949,949,Solgaleo,137,137,107,113,89,97,1
950,950,Lunala,137,113,89,137,107,97,1
951,951,Nihilego,109,53,47,127,131,103,1
952,952,Buzzwole,107,139,139,53,53,79,1
953,953,Pheromosa,71,137,37,137,37,151,1
954,954,Xurkitree,83,89,71,173,71,83,1
955,955,Celesteela,97,101,103,107,101,61,1
956,956,Kartana,59,181,131,59,31,109,1
957,957,Guzzlord,223,101,53,97,53,43,1
958,958,Necrozma,97,107,101,127,89,79,4
959,959,Dusk Mane Necrozma,97,157,127,113,109,77,4
960,960,Dawn Wings Necrozma,97,113,109,157,127,77,4
961,961,Ultra Necrozma,97,167,97,167,97,129,4
962,962,Magearna,80,95,115,130,115,65,1
963,963,Marshadow,90,125,80,90,90,125,1
964,964,Poipole,67,73,67,73,67,73,1
965,965,Naganadel,73,73,73,127,73,121,1
966,966,Stakataka,61,131,211,53,101,13,1
967,967,Blacephalon,53,127,53,151,79,107,1
968,968,Zeraora,88,112,75,102,80,143,1
969,969,Meltan,46,65,65,55,35,34,1
970,970,Melmetal,135,143,143,80,65,34,1
971,971,Grookey,50,65,50,40,40,65,1
972,972,Thwackey,70,85,70,55,60,80,1
973,973,Rillaboom,100,125,90,60,70,85,1
974,974,Scorbunny,50,71,40,40,40,69,1
975,975,Raboot,65,86,60,55,60,94,1
976,976,Cinderace,80,116,75,65,75,119,1
977,977,Sobble,50,40,40,70,40,70,1
978,978,Drizzile,65,60,55,95,55,90,1
979,979,Inteleon,70,85,65,125,65,120,1
980,980,Skwovet,70,55,55,35,35,25,1
981,981,Greedent,120,95,95,55,75,20,1
982,982,Rookidee,38,47,35,33,35,57,1
983,983,Corvisquire,68,67,55,43,55,77,1
984,984,Corviknight,98,87,105,53,85,67,1
985,985,Blipbug,25,20,20,25,45,45,1
986,986,Dottler,50,35,80,50,90,30,1
987,987,Orbeetle,60,45,110,80,120,90,1
988,988,Nickit,40,28,28,47,52,50,1
989,989,Thievul,70,58,58,87,92,90,1
990,990,Gossifleur,40,40,60,40,60,10,1
991,991,Eldegoss,60,50,90,80,120,60,1
992,992,Wooloo,42,40,55,40,45,48,1
993,993,Dubwool,72,80,100,60,90,88,1
994,994,Chewtle,50,64,50,38,38,44,1
995,995,Drednaw,90,115,90,48,68,74,1
996,996,Yamper,59,45,50,40,50,26,1
997,997,Boltund,69,90,60,90,60,121,1
998,998,Rolycoly,30,40,50,40,50,30,1
999,999,Carkol,80,60,90,60,70,50,1
1000,1000,Coalossal,110,80,120,80,90,30,1
1001,1001,Applin,40,40,80,40,40,20,1
1002,1002,Flapple,70,110,80,95,60,70,1
1003,1003,Appletun,110,85,80,100,80,30,1
1004,1004,Silicobra,52,57,75,35,50,46,1
1005,1005,Sandaconda,72,107,125,65,70,71,1
1006,1006,Cramorant,70,85,55,85,95,85,1
1007,1007,Arrokuda,41,63,40,40,30,66,1
1008,1008,Barraskewda,61,123,60,60,50,136,1
1009,1009,Toxel,40,38,35,54,35,40,1
1010,1010,Amped Form,75,98,70,114,70,75,2
1011,1011,Low Key Form,75,98,70,114,70,75,2
1012,1012,Sizzlipede,50,65,45,50,50,45,1
1013,1013,Centiskorch,100,115,65,90,90,65,1
1014,1014,Clobbopus,50,68,60,50,50,32,1
1015,1015,Grapploct,80,118,90,70,80,42,1
1016,1016,Sinistea,40,45,45,74,54,50,1
1017,1017,Polteageist,60,65,65,134,114,70,1
1018,1018,Hatenna,42,30,45,56,53,39,1
1019,1019,Hattrem,57,40,65,86,73,49,1
1020,1020,Hatterene,57,90,95,136,103,29,1
1021,1021,Impidimp,45,45,30,55,40,50,1
1022,1022,Morgrem,65,60,45,75,55,70,1
1023,1023,Grimmsnarl,95,120,65,95,75,60,1
1024,1024,Obstagoon,93,90,101,60,81,95,1
1025,1025,Perrserker,70,110,100,50,60,50,1
1026,1026,Cursola,60,95,50,145,130,30,1
1027,1027,Sirfetch'd,62,135,95,68,82,65,1
1028,1028,Mr. Rime,80,85,75,110,100,70,1
1029,1029,Runerigus,58,95,145,50,105,30,1
1030,1030,Milcery,45,40,40,50,61,34,1
1031,1031,Alcremie,65,60,75,110,121,64,1
1032,1032,Falinks,65,100,100,70,60,75,1
1033,1033,Pincurchin,48,101,95,91,85,15,1
1034,1034,Snom,30,25,35,45,30,20,1
1035,1035,Frosmoth,70,65,60,125,90,65,1
1036,1036,Stonjourner,100,125,135,20,20,70,1
1037,1037,Ice Face,75,80,110,65,90,50,2
1038,1038,Noice Face,75,80,70,65,50,130,2
1039,1039,Male,60,65,55,105,95,95,2
1040,1040,Female,70,55,65,95,105,85,2
1041,1041,Full Belly Mode,58,95,58,70,58,97,2
1042,1042,Hangry Mode,58,95,58,70,58,97,2
1043,1043,Cufant,72,80,49,40,49,40,1
1044,1044,Copperajah,122,130,69,80,69,30,1
1045,1045,Dracozolt,90,100,90,80,70,75,1
1046,1046,Arctozolt,90,100,90,90,80,55,1
1047,1047,Dracovish,90,90,100,70,80,75,1
1048,1048,Arctovish,90,90,100,80,90,55,1
1049,1049,Duraludon,70,95,115,120,50,85,1
1050,1050,Dreepy,28,60,30,40,30,82,1
1051,1051,Drakloak,68,80,50,60,50,102,1
1052,1052,Dragapult,88,120,75,100,75,142,1
1053,1053,Hero of Many Battles,92,120,115,80,115,138,2
1054,1054,Crowned Sword,92,150,115,80,115,148,2
1055,1055,Hero of Many Battles,92,120,115,80,115,138,2
1056,1056,Crowned Shield,92,120,140,80,140,128,2
1057,1057,Eternatus,140,85,95,145,95,130,2
1058,1058,Eternamax,255,115,250,125,250,130,2
1059,1059,Kubfu,60,90,60,53,50,72,1
1060,1060,Single Strike Style,100,130,100,63,60,97,2
1061,1061,Rapid Strike Style,100,130,100,63,60,97,2
1062,1062,Zarude,105,120,105,70,95,105,1
1063,1063,Regieleki,80,100,50,100,50,200,1
1064,1064,Regidrago,200,100,50,100,50,80,1
1065,1065,Glastrier,100,145,130,65,110,30,1
1066,1066,Spectrier,100,65,60,145,80,130,1
1067,1067,Calyrex,100,80,80,80,80,80,3
1068,1068,Ice Rider,100,165,150,85,130,50,3
1069,1069,Shadow Rider,100,85,80,165,100,150,3
1070,1070,Wyrdeer,103,105,72,105,75,65,1
1071,1071,Kleavor,70,130,95,45,75,85,1
1072,1072,Ursaluna,130,140,105,45,80,50,1
1073,1073,Male,120,112,65,80,75,78,2
1074,1074,Female,120,92,65,100,75,78,2
1075,1075,Sneasler,80,130,60,40,80,120,1
1076,1076,Overqwil,85,115,95,65,65,85,1
1077,1077,Incarnate Forme,74,115,70,135,80,106,2
1078,1078,Therian Forme,74,115,110,135,100,46,2
1079,1079,Sprigatito,40,61,54,45,45,65,1
1080,1080,Floragato,61,80,63,60,63,83,1
1081,1081,Meowscarada,76,110,70,81,70,123,1
1082,1082,Fuecoco,67,45,59,63,40,36,1
1083,1083,Crocalor,81,55,78,90,58,49,1
1084,1084,Skeledirge,104,75,100,110,75,66,1
1085,1085,Quaxly,55,65,45,50,45,50,1
1086,1086,Quaxwell,70,85,65,65,60,65,1
1087,1087,Quaquaval,85,120,80,85,75,85,1
1088,1088,Lechonk,54,45,40,35,45,35,1
1089,1089,Male,110,100,75,59,80,65,2
1090,1090,Female,115,90,70,59,90,65,2
1091,1091,Tarountula,35,41,45,29,40,20,1
1092,1092,Spidops,60,79,92,52,86,35,1
1093,1093,Nymble,33,46,40,21,25,45,1
1094,1094,Lokix,71,102,78,52,55,92,1
1095,1095,Pawmi,45,50,20,40,25,60,1
1096,1096,Pawmo,60,75,40,50,40,85,1
1097,1097,Pawmot,70,115,70,70,60,105,1
1098,1098,Tandemaus,50,50,45,40,45,75,1
1099,1099,Family of Four,74,75,70,65,75,111,2
1100,1100,Family of Three,74,75,70,65,75,111,2
1101,1101,Fidough,37,55,70,30,55,65,1
1102,1102,Dachsbun,57,80,115,50,80,95,1
1103,1103,Smoliv,41,35,45,58,51,30,1
1104,1104,Dolliv,52,53,60,78,78,33,1
1105,1105,Arboliva,78,69,90,125,109,39,1
1106,1106,Green Plumage,82,96,51,45,51,92,4
1107,1107,Blue Plumage,82,96,51,45,51,92,4
1108,1108,Yellow Plumage,82,96,51,45,51,92,4
1109,1109,White Plumage,82,96,51,45,51,92,4
1110,1110,Nacli,55,55,75,35,35,25,1
1111,1111,Naclstack,60,60,100,35,65,35,1
1112,1112,Garganacl,100,100,130,45,90,35,1
1113,1113,Charcadet,40,50,40,50,40,35,1
1114,1114,Armarouge,85,60,100,125,80,75,1
1115,1115,Ceruledge,75,125,80,60,100,85,1
1116,1116,Tadbulb,61,31,41,59,35,45,1
1117,1117,Bellibolt,109,64,91,103,83,45,1
1118,1118,Wattrel,40,40,35,55,40,70,1
1119,1119,Kilowattrel,70,70,60,105,60,125,1
1120,1120,Maschiff,60,78,60,40,51,51,1
1121,1121,Mabosstiff,80,120,90,60,70,85,1
1122,1122,Shroodle,40,65,35,40,35,75,1
1123,1123,Grafaiai,63,95,65,80,72,110,1
1124,1124,Bramblin,40,65,30,45,35,60,1
1125,1125,Brambleghast,55,115,70,80,70,90,1
1126,1126,Toedscool,40,40,35,50,100,70,1
1127,1127,Toedscruel,80,70,65,80,120,100,1
1128,1128,Klawf,70,100,115,35,55,75,1
1129,1129,Capsakid,50,62,40,62,40,50,1
1130,1130,Scovillain,65,108,65,108,65,75,1
1131,1131,Rellor,41,50,60,31,58,30,1
1132,1132,Rabsca,75,50,85,115,100,45,1
1133,1133,Flittle,30,35,30,55,30,75,1
1134,1134,Espathra,95,60,60,101,60,105,1
1135,1135,Tinkatink,50,45,45,35,64,58,1
1136,1136,Tinkatuff,65,55,55,45,82,78,1
1137,1137,Tinkaton,85,75,77,70,105,94,1
1138,1138,Wiglett,10,55,25,35,25,95,1
1139,1139,Wugtrio,35,100,50,50,70,120,1
1140,1140,Bombirdier,70,103,85,60,85,82,1
1141,1141,Finizen,70,45,40,45,40,75,1
1142,1142,Zero Form,100,70,72,53,62,100,2
1143,1143,Hero Form,100,160,97,106,87,100,2
1144,1144,Varoom,45,70,63,30,45,47,1
1145,1145,Revavroom,80,119,90,54,67,90,1
1146,1146,Cyclizar,70,95,65,85,65,121,1
1147,1147,Orthworm,70,85,145,60,55,65,1
1148,1148,Glimmet,48,35,42,105,60,60,1
1149,1149,Glimmora,83,55,90,130,81,86,1
1150,1150,Greavard,50,61,60,30,55,34,1
1151,1151,Houndstone,72,101,100,50,97,68,1
1152,1152,Flamigo,82,115,74,75,64,90,1
1153,1153,Cetoddle,108,68,45,30,40,43,1
1154,1154,Cetitan,170,113,65,45,55,73,1
1155,1155,Veluza,90,102,73,78,65,70,1
1156,1156,Dondozo,150,100,115,65,65,35,1
1157,1157,Curly Form,68,50,60,120,95,82,3
1158,1158,Droopy Form,68,50,60,120,95,82,3
1159,1159,Stretchy Form,68,50,60,120,95,82,3
1160,1160,Annihilape,110,115,80,50,90,90,1
1161,1161,Clodsire,130,75,60,45,100,20,1
1162,1162,Farigiraf,120,90,70,110,70,60,1
1163,1163,Two-Segment Form,125,100,80,85,75,55,2
1164,1164,Three-Segment Form,125,100,80,85,75,55,2
1165,1165,Kingambit,100,135,120,60,85,50,1
1166,1166,Great Tusk,115,131,131,53,53,87,1
1167,1167,Scream Tail,115,65,99,65,115,111,1
1168,1168,Brute Bonnet,111,127,99,79,99,55,1
1169,1169,Flutter Mane,55,55,55,135,135,135,1
1170,1170,Slither Wing,85,135,79,85,105,81,1
1171,1171,Sandy Shocks,85,81,97,121,85,101,1
1172,1172,Iron Treads,90,112,120,72,70,106,1
1173,1173,Iron Bundle,56,80,114,124,60,136,1
1174,1174,Iron Hands,154,140,108,50,68,50,1
1175,1175,Iron Jugulis,94,80,86,122,80,108,1
1176,1176,Iron Moth,80,70,60,140,110,110,1
1177,1177,Iron Thorns,100,134,110,70,84,72,1
1178,1178,Frigibax,65,75,45,35,45,55,1
1179,1179,Arctibax,90,95,66,45,65,62,1
1180,1180,Baxcalibur,115,145,92,75,86,87,1
1181,1181,Chest Form,45,30,70,75,70,10,2
1182,1182,Roaming Form,45,30,25,75,45,80,2
1183,1183,Gholdengo,87,60,95,133,91,84,1
1184,1184,Wo-Chien,85,85,100,95,135,70,1
1185,1185,Chien-Pao,80,120,80,90,65,135,1
1186,1186,Ting-Lu,155,110,125,55,80,45,1
1187,1187,Chi-Yu,55,80,80,135,120,100,1
1188,1188,Roaring Moon,105,139,71,55,101,119,1
1189,1189,Iron Valiant,74,130,90,120,60,116,1
1190,1190,Koraidon,100,135,115,85,100,135,1
1191,1191,Miraidon,100,85,100,135,115,135,1
1192,1192,Walking Wake,99,83,91,125,83,109,1
1193,1193,Iron Leaves,90,130,88,70,108,104,1
