hp;attack;defense;spatk;spdef;speed;count_form
45;49;49;65;65;45;1
60;62;63;80;80;60;1
80;82;83;100;100;80;2
80;100;123;122;120;80;2
39;52;43;60;50;65;1
58;64;58;80;65;80;1
78;84;78;109;85;100;3
78;130;111;130;85;100;3
78;104;78;159;115;100;3
44;48;65;50;64;43;1
59;63;80;65;80;58;1
79;83;100;85;105;78;2
79;103;120;135;115;78;2
45;30;35;20;20;45;1
50;20;55;25;25;30;1
60;45;50;90;80;70;1
40;35;30;20;20;50;1
45;25;50;25;25;35;1
65;90;40;45;80;75;2
65;150;40;15;80;145;2
40;45;40;35;35;56;1
63;60;55;50;50;71;1
83;80;75;70;70;101;2
83;80;80;135;80;121;2
30;56;35;25;35;72;2
30;56;35;25;35;72;2
55;81;60;50;70;97;2
75;71;70;40;80;77;2
40;60;30;31;31;70;1
65;90;65;61;61;100;1
35;60;44;40;54;55;1
60;95;69;65;79;80;1
35;55;40;50;50;90;2
45;80;50;75;60;120;2
60;90;55;90;80;110;2
60;85;50;95;85;110;2
50;75;85;20;30;40;2
50;75;90;10;35;40;2
75;100;110;45;55;65;2
75;100;120;25;65;65;2
55;47;52;40;40;41;1
70;62;67;55;55;56;1
90;92;87;75;85;76;1
46;57;40;40;40;50;1
61;72;57;55;55;65;1
81;102;77;85;75;85;1
70;45;48;60;65;35;1
95;70;73;95;90;60;1
38;41;40;50;65;65;2
38;41;40;50;65;65;2
73;76;75;81;100;100;2
73;67;75;81;100;109;2
115;45;20;45;25;20;1
140;70;45;85;50;45;1
40;45;35;30;40;55;1
75;80;70;65;75;90;1
45;50;55;75;65;30;1
60;65;70;85;75;40;1
75;80;85;110;90;50;1
35;70;55;45;55;25;1
60;95;80;60;80;30;1
60;55;50;40;55;45;1
70;65;60;90;75;90;1
10;55;25;35;45;95;2
10;55;30;35;45;90;2
35;100;50;50;70;120;2
35;100;60;50;70;110;2
40;45;35;40;40;90;3
40;35;35;50;40;90;3
50;65;55;40;40;40;3
65;70;60;65;65;115;2
65;60;60;75;65;115;2
50;52;48;65;50;55;1
80;82;78;95;80;85;1
40;80;35;35;45;70;1
65;105;60;60;70;95;1
55;70;45;70;50;60;2
60;75;45;65;50;55;2
90;110;80;100;80;95;2
95;115;80;95;80;90;2
40;50;40;40;40;90;1
65;65;65;50;50;90;1
90;95;95;70;90;70;1
25;20;15;105;55;90;1
40;35;30;120;70;105;1
55;50;45;135;95;120;2
55;50;65;175;105;150;2
70;80;50;35;35;35;1
80;100;70;50;60;45;1
90;130;80;65;85;55;1
50;75;35;70;30;40;1
65;90;50;85;45;55;1
80;105;65;100;70;70;1
40;40;35;50;100;70;1
80;70;65;80;120;100;1
40;80;100;30;30;20;2
40;80;100;30;30;20;2
55;95;115;45;45;35;2
55;95;115;45;45;35;2
80;120;130;55;65;45;2
80;120;130;55;65;45;2
50;85;55;65;65;90;2
50;85;55;65;65;90;2
65;100;70;80;80;105;2
65;100;70;80;80;105;2
90;65;65;40;40;15;2
90;65;65;40;40;15;2
95;75;110;100;80;30;3
95;75;180;130;80;30;3
95;100;95;100;70;30;3
25;35;70;95;55;45;1
50;60;95;120;70;70;1
52;90;55;58;62;60;2
52;95;55;58;62;55;2
35;85;45;35;35;75;1
60;110;70;60;60;110;1
65;45;55;45;70;45;1
90;70;80;70;95;70;1
80;80;50;40;50;25;2
80;80;50;40;50;25;2
105;105;75;65;100;50;2
105;105;75;65;100;50;2
30;65;100;45;25;40;1
50;95;180;85;45;70;1
30;35;30;100;35;80;1
45;50;45;115;55;95;1
60;65;60;130;75;110;2
60;65;80;170;95;130;2
35;45;160;30;45;70;1
60;48;45;43;90;42;1
85;73;70;73;115;67;1
30;105;90;25;25;50;1
55;130;115;50;50;75;1
40;30;50;55;55;100;2
40;30;50;55;55;100;2
60;50;70;80;80;150;2
60;50;70;80;80;150;2
60;40;80;60;45;40;1
95;95;85;125;75;55;2
95;105;85;125;75;45;2
50;50;95;40;50;35;1
60;80;110;50;80;45;2
60;80;110;50;80;45;2
50;120;53;35;110;87;1
50;105;79;35;110;76;1
90;55;75;60;75;30;1
40;65;95;60;45;35;1
65;90;120;85;70;60;2
65;90;120;85;70;60;2
80;85;95;30;30;25;1
105;130;120;45;45;40;1
250;5;5;35;105;50;1
65;55;115;100;40;60;1
105;95;80;40;80;90;2
105;125;100;60;100;100;2
30;40;70;70;25;60;1
55;65;95;95;45;85;1
45;67;60;35;50;63;1
80;92;65;65;80;68;1
30;45;55;70;55;85;1
60;75;85;100;85;115;1
40;45;65;100;120;90;2
50;65;65;90;90;100;2
70;110;80;55;80;105;1
65;50;35;115;95;95;1
65;83;57;95;85;105;1
65;95;57;100;85;93;1
65;125;100;55;70;85;2
65;155;120;65;90;105;2
75;100;95;40;70;110;4
75;110;105;30;70;100;4
75;110;105;30;70;100;4
75;110;105;30;70;100;4
20;10;55;15;20;80;1
95;125;79;60;100;81;2
95;155;109;70;130;81;2
130;85;80;85;95;60;1
48;48;48;48;48;48;1
55;55;50;45;65;55;2
65;75;70;65;85;75;2
130;65;60;110;95;65;1
65;65;60;110;95;130;1
65;130;60;95;110;65;1
65;60;70;85;75;40;1
35;40;100;90;55;35;1
70;60;125;115;70;55;1
30;80;90;55;45;55;1
60;115;105;65;70;80;1
80;105;65;60;75;130;2
80;135;85;70;95;150;2
160;110;65;65;110;30;1
90;85;100;95;125;85;2
90;85;85;125;100;95;2
90;90;85;125;90;100;2
90;125;90;85;90;100;2
90;100;90;125;85;90;2
90;85;90;100;125;90;2
41;64;45;50;50;50;1
61;84;65;70;70;70;1
91;134;95;100;100;80;1
106;110;90;154;90;130;3
106;190;100;154;100;130;3
106;150;70;194;120;140;3
100;100;100;100;100;100;1
45;49;65;49;65;45;1
60;62;80;63;80;60;1
80;82;100;83;100;80;1
39;52;43;60;50;65;1
58;64;58;80;65;80;1
78;84;78;109;85;100;2
73;84;78;119;85;95;2
50;65;64;44;48;43;1
65;80;80;59;63;58;1
85;105;100;79;83;78;1
35;46;34;35;45;20;1
85;76;64;45;55;90;1
60;30;30;36;56;50;1
100;50;50;86;96;70;1
40;20;30;40;80;55;1
55;35;50;55;110;85;1
40;60;40;40;40;30;1
70;90;70;60;70;40;1
85;90;80;70;80;130;1
75;38;38;56;56;67;1
125;58;58;76;76;67;1
20;40;15;35;35;60;1
50;25;28;45;55;15;1
90;30;15;40;20;15;1
35;20;65;40;65;20;1
55;40;85;80;105;40;1
40;50;45;70;45;70;1
65;75;70;95;70;95;1
55;40;40;65;45;35;1
70;55;55;80;60;45;1
90;75;85;115;90;55;2
90;95;105;165;110;45;2
75;80;95;90;100;50;1
70;20;50;20;50;40;1
100;50;80;60;80;50;1
70;100;115;30;65;30;1
90;75;75;90;100;70;1
35;35;40;35;55;50;1
55;45;50;45;65;80;1
75;55;70;55;95;110;1
55;70;55;40;55;85;1
30;30;30;30;30;30;1
75;75;55;105;85;30;1
65;65;45;75;45;95;1
55;45;45;25;25;15;2
55;45;45;25;25;15;2
95;85;85;65;65;35;1
65;65;60;130;95;110;1
95;65;110;60;130;65;1
60;85;42;85;42;91;1
95;75;80;100;110;30;2
95;65;80;110;110;30;2
60;60;60;85;85;85;1
48;72;48;72;48;48;1
190;33;58;33;58;33;1
70;80;65;90;65;85;1
50;65;90;35;35;15;1
75;90;140;60;60;40;1
100;70;70;65;65;45;1
65;75;105;35;65;85;1
75;85;200;55;65;30;2
75;125;230;55;95;30;2
60;80;50;40;40;30;1
90;120;75;60;60;45;1
65;95;85;55;55;85;2
65;95;85;55;55;85;2
70;130;100;55;80;65;2
70;150;140;65;100;75;2
20;10;230;10;230;5;1
80;125;75;40;95;85;2
80;185;115;40;105;75;2
55;95;55;35;75;115;2
55;95;55;35;75;115;2
60;80;50;50;50;40;1
90;130;75;75;75;55;1
40;40;40;70;40;20;1
60;50;120;90;80;30;1
50;50;40;30;30;50;1
100;100;80;60;60;50;1
65;55;95;65;95;35;2
60;55;100;65;100;30;2
35;65;35;65;35;65;1
75;105;75;105;75;45;1
45;55;45;65;45;75;1
85;40;70;80;140;70;1
65;80;140;40;70;70;1
45;60;30;80;50;65;1
75;90;50;110;80;95;2
75;90;90;140;90;115;2
75;95;95;95;95;85;1
90;60;60;40;40;40;1
90;120;120;60;60;50;1
85;80;90;105;95;60;1
73;95;62;85;65;85;1
55;20;35;20;45;75;1
35;35;35;35;35;35;1
50;95;95;35;110;70;1
45;30;15;85;65;65;1
45;63;37;65;55;95;1
45;75;37;70;55;83;1
95;80;105;40;70;100;1
255;10;10;75;135;55;1
90;85;75;115;100;115;1
115;115;85;90;75;100;1
100;75;115;90;115;85;1
50;64;50;45;50;41;1
70;84;70;65;70;51;1
100;134;110;95;100;61;2
100;164;150;95;120;71;2
106;90;130;90;154;110;1
106;130;90;110;154;90;1
100;100;100;100;100;100;1
40;45;35;65;55;70;1
50;65;45;85;65;95;1
70;85;65;105;85;120;2
70;110;75;145;85;145;2
45;60;40;70;50;45;1
60;85;60;85;60;55;1
80;120;70;110;70;80;2
80;160;80;130;80;100;2
50;70;50;50;50;40;1
70;85;70;60;70;50;1
100;110;90;85;90;60;2
100;150;110;95;110;70;2
35;55;35;30;30;35;1
70;90;70;60;60;70;1
38;30;41;30;41;60;2
38;30;41;30;41;60;2
78;70;61;50;61;100;2
78;70;61;50;61;100;2
45;45;35;20;30;20;1
50;35;55;25;25;15;1
60;70;50;100;50;65;1
50;35;55;25;25;15;1
60;50;70;50;90;65;1
40;30;30;40;50;30;1
60;50;50;60;70;50;1
80;70;70;90;100;70;1
40;40;50;30;30;30;1
70;70;40;60;40;60;1
90;100;60;90;60;80;1
40;55;30;30;30;85;1
60;85;60;75;50;125;1
40;30;30;55;30;85;1
60;50;100;95;70;65;1
28;25;25;45;35;40;1
38;35;35;65;55;50;1
68;65;65;125;115;80;2
68;85;65;165;135;100;2
40;30;32;50;52;65;1
70;60;62;100;82;80;1
60;40;60;40;60;35;1
60;130;80;60;60;70;1
60;60;60;35;35;30;1
80;80;80;55;55;90;1
150;160;100;95;65;100;1
31;45;90;30;30;40;1
61;90;45;50;50;160;1
1;90;45;30;30;40;1
64;51;23;51;23;28;1
84;71;43;71;43;48;1
104;91;63;91;73;68;1
72;60;30;20;30;25;1
144;120;60;40;60;50;1
50;20;40;20;40;20;1
30;45;135;45;90;30;1
50;45;45;35;35;50;1
70;65;65;55;55;90;1
50;75;75;65;65;50;2
50;85;125;85;115;20;2
50;85;85;55;55;50;2
50;105;125;55;95;50;2
50;70;100;40;40;30;1
60;90;140;50;50;40;1
70;110;180;60;60;50;2
70;140;230;60;80;50;2
30;40;55;40;55;60;1
60;60;75;60;75;80;2
60;100;85;80;85;100;2
40;45;40;65;40;65;1
70;75;60;105;60;105;2
70;75;80;135;80;135;2
60;50;40;85;75;95;1
60;40;50;75;85;95;1
65;73;75;47;85;85;1
65;47;75;73;85;85;1
50;60;45;100;80;65;1
70;43;53;43;53;40;1
100;73;83;73;83;55;1
45;90;20;65;20;65;1
70;120;40;95;40;95;2
70;140;70;110;65;105;2
130;70;35;70;35;60;1
170;90;45;90;45;60;1
60;60;40;65;45;35;1
70;100;70;105;75;40;2
70;120;100;145;105;20;2
70;85;140;85;70;20;1
60;25;35;70;80;60;1
80;45;65;90;110;80;1
60;60;60;60;60;60;1
45;100;45;45;45;10;1
50;70;50;50;50;70;1
80;100;80;80;80;100;1
50;85;40;85;40;35;1
70;115;60;115;60;55;1
45;40;60;40;75;50;1
75;70;90;70;105;80;2
75;110;110;110;105;80;2
73;115;60;60;60;90;1
73;100;60;100;60;65;1
90;55;65;95;85;70;1
90;95;85;55;65;70;1
50;48;43;46;41;60;1
110;78;73;76;71;60;1
43;80;65;50;35;35;1
63;120;85;90;55;55;1
40;40;55;40;70;55;1
60;70;105;70;120;75;1
66;41;77;61;87;23;1
86;81;97;81;107;43;1
45;95;50;40;50;75;1
75;125;100;70;80;45;1
20;15;20;10;55;80;1
95;60;79;100;125;81;1
70;70;70;70;70;70;4
70;70;70;70;70;70;4
70;70;70;70;70;70;4
70;70;70;70;70;70;4
60;90;70;60;120;40;1
44;75;35;63;33;45;1
64;115;65;83;63;65;2
64;165;75;93;83;75;2
20;40;90;30;90;25;1
40;70;130;60;130;25;1
99;68;83;72;87;51;1
75;50;80;95;90;65;1
65;130;60;75;60;75;2
65;150;60;115;60;115;2
95;23;48;23;48;23;1
50;50;50;50;50;50;1
80;80;80;80;80;80;2
80;120;80;120;80;100;2
70;40;50;55;50;25;1
90;60;70;75;70;45;1
110;80;90;95;90;65;1
35;64;85;74;55;32;1
55;104;105;94;75;52;1
55;84;105;114;75;52;1
100;90;130;45;65;55;1
43;30;55;40;65;97;1
45;75;60;40;30;50;1
65;95;100;60;50;50;1
95;135;80;110;80;100;2
95;145;130;120;90;120;2
40;55;80;35;60;30;1
60;75;100;55;80;50;1
80;135;130;95;90;70;2
80;145;150;105;110;110;2
80;100;200;50;100;50;1
80;50;100;100;200;50;1
80;75;150;75;150;50;1
80;80;90;110;130;110;2
80;100;120;140;150;110;2
80;90;80;130;110;110;2
80;130;100;160;120;110;2
100;100;90;150;140;90;2
100;150;90;180;160;90;2
100;150;140;100;90;90;2
100;180;160;150;90;90;2
105;150;90;150;90;95;2
105;180;100;180;100;115;2
100;100;100;100;100;100;1
50;150;50;150;50;150;4
50;180;20;180;20;150;4
50;70;160;70;160;90;4
50;95;90;95;90;180;4
55;68;64;45;55;31;1
75;89;85;55;65;36;1
95;109;105;75;85;56;1
44;58;44;58;44;61;1
64;78;52;78;52;81;1
76;104;71;104;71;108;1
53;51;53;61;56;40;1
64;66;68;81;76;50;1
84;86;88;111;101;60;1
40;55;30;30;30;60;1
55;75;50;40;40;80;1
85;120;70;50;60;100;1
59;45;40;35;40;31;1
79;85;60;55;60;71;1
37;25;41;25;41;25;1
77;85;51;55;51;65;1
45;65;34;40;34;45;1
60;85;49;60;49;60;1
80;120;79;95;79;70;1
40;30;35;50;70;55;1
60;70;65;125;105;90;1
67;125;40;30;30;58;1
97;165;60;65;50;58;1
30;42;118;42;88;30;1
60;52;168;47;138;30;1
40;29;45;29;45;36;3
40;29;45;29;45;36;3
40;29;45;29;45;36;3
60;59;85;79;105;36;3
60;79;105;59;85;36;3
60;69;95;69;95;36;3
70;94;50;94;50;66;1
30;30;42;30;42;70;1
70;80;102;80;102;40;1
60;45;70;45;90;95;1
55;65;35;60;30;85;1
85;105;55;85;50;115;1
45;35;45;62;53;35;1
70;60;70;87;78;85;1
76;48;48;57;62;34;1
111;83;68;92;82;39;1
75;100;66;60;66;115;1
90;50;34;60;44;70;1
150;80;44;90;54;80;1
55;66;44;44;56;85;1
65;76;84;54;96;105;2
65;136;94;54;96;135;2
60;60;60;105;105;105;1
100;125;52;105;52;71;1
49;55;42;42;37;85;1
71;82;64;64;59;112;1
45;30;50;65;50;45;1
63;63;47;41;41;74;1
103;93;67;71;61;84;1
57;24;86;24;86;23;1
67;89;116;79;116;33;1
50;80;95;10;45;10;1
20;25;45;70;90;60;1
100;5;5;15;65;30;1
76;65;45;92;42;91;1
50;92;108;92;108;35;1
58;70;45;40;45;42;1
68;90;65;50;55;82;1
108;130;95;80;85;102;2
108;170;115;120;95;92;2
135;85;40;40;85;5;1
40;70;40;35;40;60;1
70;110;70;115;70;90;2
70;145;88;140;70;112;2
68;72;78;38;42;32;1
108;112;118;68;72;47;1
40;50;90;30;55;65;1
70;90;110;60;75;95;1
48;61;40;61;40;50;1
83;106;65;86;65;85;1
74;100;72;90;72;46;1
49;49;56;49;61;66;1
69;69;76;69;86;91;1
45;20;50;60;120;50;1
60;62;50;62;60;40;1
90;92;75;92;85;60;2
90;132;105;132;105;30;2
70;120;65;45;85;125;1
70;70;115;130;90;60;1
110;85;95;80;95;50;1
115;140;130;55;55;40;1
100;100;125;110;50;50;1
75;123;67;95;85;95;1
75;95;67;125;95;83;1
85;50;95;120;115;80;1
86;76;86;116;56;95;1
65;110;130;60;65;95;1
65;60;110;130;95;65;1
75;95;125;45;75;95;1
110;130;80;70;60;80;1
85;80;70;135;75;90;1
68;125;65;65;115;80;2
68;165;95;65;115;110;2
60;55;145;75;150;40;1
45;100;135;65;135;45;1
70;80;70;80;70;110;1
50;50;77;95;77;91;6
50;65;107;105;107;86;6
50;65;107;105;107;86;6
50;65;107;105;107;86;6
50;65;107;105;107;86;6
50;65;107;105;107;86;6
75;75;130;75;130;95;1
80;105;105;105;105;80;1
75;125;70;125;70;115;1
100;120;120;150;100;90;2
100;100;120;150;120;90;2
90;120;100;150;120;100;2
90;100;100;150;120;120;2
91;90;106;130;106;77;1
110;160;110;80;110;100;1
150;100;120;100;120;90;2
150;120;100;120;100;90;2
120;70;110;75;120;85;1
80;80;80;80;80;80;1
100;100;100;100;100;100;1
70;90;90;135;90;125;1
100;100;100;100;100;100;2
100;103;75;120;75;127;2
120;120;120;120;120;120;1
100;100;100;100;100;100;1
45;45;55;45;55;63;1
60;60;75;60;75;83;1
75;75;95;75;95;113;1
65;63;45;45;45;45;1
90;93;55;70;55;55;1
110;123;65;100;65;65;1
55;55;45;63;45;45;1
75;75;60;83;60;60;1
95;100;85;108;70;70;2
90;108;80;100;65;85;2
45;55;39;35;39;42;1
60;85;69;60;69;77;1
45;60;45;25;45;55;1
65;80;65;35;65;60;1
85;110;90;45;90;80;1
41;50;37;50;37;66;1
64;88;50;88;50;106;1
50;53;48;53;48;64;1
75;98;63;98;63;101;1
50;53;48;53;48;64;1
75;98;63;98;63;101;1
50;53;48;53;48;64;1
75;98;63;98;63;101;1
76;25;45;67;55;24;1
116;55;85;107;95;29;1
50;55;50;36;30;43;1
62;77;62;50;42;65;1
80;115;80;65;55;93;1
45;60;32;50;32;76;1
75;100;63;80;63;116;1
55;75;85;25;25;15;1
70;105;105;50;40;20;1
85;135;130;60;80;25;1
65;45;43;55;43;72;1
67;57;55;77;55;114;1
60;85;40;30;45;68;1
110;135;60;50;65;88;1
103;60;86;60;86;50;2
103;60;126;80;126;50;2
75;80;55;25;35;35;1
85;105;85;40;50;40;1
105;140;95;55;65;45;1
50;50;40;50;40;64;1
75;65;55;65;55;69;1
105;95;75;85;75;74;1
120;100;85;30;85;45;1
75;125;75;30;75;85;1
45;53;70;40;60;42;1
55;63;90;50;80;42;1
75;103;80;70;80;92;1
30;45;59;30;39;57;1
40;55;99;40;79;47;1
60;100;89;55;69;112;1
40;27;60;37;50;66;1
60;67;85;77;75;116;1
45;35;50;70;50;30;1
70;60;75;110;75;90;2
70;105;75;50;75;105;2
70;92;65;80;55;98;3
70;92;65;80;55;98;3
70;92;65;80;55;98;3
50;72;35;35;35;65;1
60;82;45;45;45;74;1
95;117;80;65;70;92;1
70;90;45;15;45;50;2
70;90;45;15;45;50;2
105;140;55;30;55;95;4
105;30;105;140;105;55;4
105;140;55;30;55;95;4
105;160;55;30;55;135;4
75;86;67;106;67;60;1
50;65;85;35;35;55;1
70;105;125;65;75;45;1
50;75;70;35;70;48;1
65;90;115;45;115;58;1
72;58;80;103;80;97;1
38;30;85;55;65;30;2
38;55;85;30;65;30;2
58;50;145;95;105;30;1
54;78;103;53;45;22;1
74;108;133;83;65;32;1
55;112;45;74;45;70;1
75;140;65;112;65;110;1
50;50;62;40;62;65;1
80;95;82;60;82;75;1
40;65;40;80;40;65;2
35;60;40;85;40;70;2
60;105;60;120;60;105;2
60;105;60;120;60;105;2
55;50;40;40;40;75;1
75;95;60;65;60;115;1
45;30;50;55;65;45;1
60;45;70;75;85;55;1
70;55;95;95;110;65;1
45;30;40;105;50;20;1
65;40;50;125;60;30;1
110;65;75;125;85;30;1
62;44;50;44;50;55;1
75;87;63;87;63;98;1
36;50;50;65;60;44;1
51;65;65;80;75;59;1
71;95;85;110;95;79;1
60;60;50;40;50;75;1
80;100;70;60;70;95;1
55;75;60;75;60;103;1
50;75;45;40;45;60;1
70;135;105;60;105;20;1
69;55;45;55;55;15;1
114;85;70;85;80;30;1
55;40;50;65;85;40;1
100;60;70;85;105;60;1
165;75;80;40;45;65;1
50;47;50;57;50;65;1
70;77;60;97;60;108;1
44;50;91;24;86;10;1
74;94;131;54;116;20;1
40;55;70;45;60;30;1
60;80;95;70;85;50;1
60;100;115;70;85;90;1
35;55;40;45;40;60;1
65;85;70;75;70;40;1
85;115;80;105;80;50;1
55;55;55;85;55;30;1
75;75;75;125;95;40;1
50;30;55;65;55;20;1
60;40;60;95;60;55;1
60;55;90;145;90;80;1
46;87;60;30;40;57;1
66;117;70;40;50;67;1
76;147;90;60;70;97;1
55;70;40;60;40;40;1
95;130;80;70;80;50;1
80;50;50;95;135;105;1
50;40;85;40;65;25;1
80;70;40;100;60;145;1
109;66;84;81;99;32;2
109;81;99;66;84;32;2
45;85;50;55;50;65;1
65;125;60;95;60;105;1
77;120;90;60;90;48;1
59;74;50;35;50;35;1
89;124;80;55;80;55;1
45;85;70;40;40;60;1
65;125;100;60;70;70;1
95;110;95;40;95;55;1
70;83;50;37;50;60;1
100;123;75;57;75;80;2
110;83;70;112;70;65;2
70;55;75;45;65;60;1
110;65;105;55;95;80;1
85;97;66;105;66;65;1
58;109;112;48;48;109;1
52;65;50;45;50;38;1
72;85;70;65;70;58;1
92;105;90;125;90;98;1
55;85;55;50;55;60;1
85;60;65;135;105;100;1
91;90;129;90;72;108;1
91;129;90;72;90;108;1
91;90;72;90;129;108;1
79;115;70;125;80;111;2
79;100;80;110;90;121;2
79;115;70;125;80;111;2
79;105;70;145;80;101;2
100;120;100;150;120;90;1
100;150;120;120;100;90;1
89;125;90;115;80;101;2
89;145;90;105;80;91;2
125;130;90;130;90;95;3
125;120;90;170;100;95;3
125;170;100;120;90;95;3
91;72;90;129;90;108;2
91;72;90;129;90;108;2
100;77;77;128;128;90;2
100;128;90;77;77;128;2
71;120;95;120;95;99;1
56;61;65;48;45;38;1
61;78;95;56;58;57;1
88;107;122;74;75;64;1
40;45;40;62;60;60;1
59;59;58;90;70;73;1
75;69;72;114;100;104;1
41;56;40;62;44;71;1
54;63;52;83;56;97;1
72;95;67;103;71;122;2
72;145;67;153;71;132;2
38;36;38;32;36;57;1
85;56;77;50;77;78;1
45;50;43;40;38;62;1
62;73;55;56;52;84;1
78;81;71;74;69;126;1
38;35;40;27;25;35;1
45;22;60;27;30;29;1
80;52;50;90;50;89;1
62;50;58;73;54;72;1
86;68;72;109;66;106;1
44;38;39;61;79;42;1
54;45;47;75;98;52;1
78;65;68;112;154;75;1
66;65;48;62;57;52;1
123;100;62;97;81;68;1
67;82;62;46;48;43;1
95;124;78;69;71;58;1
75;80;60;65;90;102;1
62;48;54;63;60;68;1
74;48;76;83;81;104;2
74;48;76;83;81;104;2
45;80;100;35;37;28;1
59;110;150;45;49;35;1
60;50;140;50;140;60;2
60;140;50;140;50;60;2
78;52;60;63;65;23;1
101;72;72;99;89;29;1
62;48;66;59;57;49;1
82;80;86;85;75;72;1
53;54;53;37;46;45;1
86;92;88;68;75;73;1
42;52;67;39;56;50;1
72;105;115;54;86;68;1
50;60;60;60;60;30;1
65;75;90;97;123;44;1
50;53;62;58;63;44;1
71;73;88;120;89;59;1
44;38;33;61;43;70;1
62;55;52;109;94;109;1
58;89;77;45;45;48;1
82;121;119;69;59;71;1
77;59;50;67;63;46;1
123;77;72;99;92;58;1
95;65;65;110;130;60;1
78;92;75;74;63;118;1
67;58;57;81;67;101;1
50;50;150;50;150;50;1
45;50;35;55;75;40;1
68;75;53;83;113;60;2
58;75;83;83;113;40;2
90;100;70;110;150;80;2
80;100;100;110;150;60;2
57;80;91;80;87;75;1
43;70;48;50;60;38;1
85;110;76;65;82;56;1
49;66;70;44;55;51;4
44;66;70;44;55;56;4
54;66;70;44;55;46;4
59;66;70;44;55;41;4
65;90;122;58;75;84;4
55;85;122;58;75;99;4
75;95;122;58;75;69;4
85;100;122;58;75;54;4
55;69;85;32;35;28;1
95;117;184;44;46;28;2
95;127;184;34;36;38;2
40;30;35;45;40;55;1
85;70;80;97;80;123;1
126;131;95;131;98;99;1
126;131;95;131;98;99;1
108;100;121;81;95;95;3
54;100;71;61;85;115;3
216;100;121;91;95;85;3
50;100;150;100;150;50;2
50;160;110;160;110;110;2
80;110;60;150;130;70;2
80;160;60;170;130;80;2
80;110;120;130;90;70;1
68;55;55;50;50;42;1
78;75;75;70;70;52;1
78;107;75;100;100;70;2
88;112;80;95;95;60;2
45;65;40;60;40;70;1
65;85;50;80;50;90;1
95;115;90;80;90;60;1
50;54;54;66;56;40;1
60;69;69;91;81;50;1
80;74;74;126;116;60;1
35;75;30;30;30;65;1
55;85;50;40;50;75;1
80;120;75;75;75;60;1
48;70;30;30;30;45;1
88;110;60;55;60;45;1
47;62;45;55;45;46;1
57;82;95;55;75;36;1
77;70;90;145;75;43;1
47;82;57;42;47;63;1
97;132;77;62;67;43;1
75;70;70;98;70;93;4
75;70;70;98;70;93;4
75;70;70;98;70;93;4
75;70;70;98;70;93;4
40;45;40;55;40;84;1
60;55;60;95;70;124;1
45;65;40;30;40;60;2
45;65;40;30;40;60;2
75;115;65;55;65;112;3
85;115;75;55;75;82;3
75;117;65;55;65;110;3
45;20;20;25;25;40;2
45;140;130;140;135;30;2
50;53;62;43;52;45;1
50;63;152;53;142;35;1
70;100;70;45;55;45;1
100;125;100;55;85;35;1
38;40;52;40;72;27;1
68;70;92;50;132;42;1
40;55;35;50;35;35;1
70;105;90;80;90;45;1
40;35;55;65;75;15;1
60;45;80;90;100;30;1
48;44;40;71;40;77;1
68;64;60;111;60;117;1
70;75;50;45;50;50;1
120;125;80;55;60;60;1
42;30;38;30;38;32;1
52;40;48;40;48;62;1
72;120;98;50;98;72;1
51;52;90;82;110;100;1
90;60;80;90;110;60;1
100;120;90;40;60;80;1
25;35;40;20;30;80;1
75;125;140;60;90;40;1
55;55;80;70;45;15;1
85;75;110;100;75;35;1
55;60;130;30;130;5;1
95;95;95;95;95;59;1
95;95;95;95;95;95;1
60;60;100;60;100;60;2
60;100;60;100;60;120;2
65;115;65;75;95;65;1
60;78;135;91;85;36;1
65;98;63;40;73;96;1
55;90;80;50;105;96;1
68;105;70;70;70;92;1
78;60;85;135;91;36;1
70;131;100;86;90;40;1
45;55;65;45;45;45;1
55;75;90;65;70;65;1
75;110;125;100;105;85;1
70;115;85;95;75;130;1
70;85;75;130;115;95;1
70;130;115;85;95;75;1
70;75;115;95;130;85;1
43;29;31;29;31;37;1
43;29;131;29;131;37;1
137;137;107;113;89;97;1
137;113;89;137;107;97;1
109;53;47;127;131;103;1
107;139;139;53;53;79;1
71;137;37;137;37;151;1
83;89;71;173;71;83;1
97;101;103;107;101;61;1
59;181;131;59;31;109;1
223;101;53;97;53;43;1
97;107;101;127;89;79;4
97;157;127;113;109;77;4
97;113;109;157;127;77;4
97;167;97;167;97;129;4
80;95;115;130;115;65;1
90;125;80;90;90;125;1
67;73;67;73;67;73;1
73;73;73;127;73;121;1
61;131;211;53;101;13;1
53;127;53;151;79;107;1
88;112;75;102;80;143;1
46;65;65;55;35;34;1
135;143;143;80;65;34;1
50;65;50;40;40;65;1
70;85;70;55;60;80;1
100;125;90;60;70;85;1
50;71;40;40;40;69;1
65;86;60;55;60;94;1
80;116;75;65;75;119;1
50;40;40;70;40;70;1
65;60;55;95;55;90;1
70;85;65;125;65;120;1
70;55;55;35;35;25;1
120;95;95;55;75;20;1
38;47;35;33;35;57;1
68;67;55;43;55;77;1
98;87;105;53;85;67;1
25;20;20;25;45;45;1
50;35;80;50;90;30;1
60;45;110;80;120;90;1
40;28;28;47;52;50;1
70;58;58;87;92;90;1
40;40;60;40;60;10;1
60;50;90;80;120;60;1
42;40;55;40;45;48;1
72;80;100;60;90;88;1
50;64;50;38;38;44;1
90;115;90;48;68;74;1
59;45;50;40;50;26;1
69;90;60;90;60;121;1
30;40;50;40;50;30;1
80;60;90;60;70;50;1
110;80;120;80;90;30;1
40;40;80;40;40;20;1
70;110;80;95;60;70;1
110;85;80;100;80;30;1
52;57;75;35;50;46;1
72;107;125;65;70;71;1
70;85;55;85;95;85;1
41;63;40;40;30;66;1
61;123;60;60;50;136;1
40;38;35;54;35;40;1
75;98;70;114;70;75;2
75;98;70;114;70;75;2
50;65;45;50;50;45;1
100;115;65;90;90;65;1
50;68;60;50;50;32;1
80;118;90;70;80;42;1
40;45;45;74;54;50;1
60;65;65;134;114;70;1
42;30;45;56;53;39;1
57;40;65;86;73;49;1
57;90;95;136;103;29;1
45;45;30;55;40;50;1
65;60;45;75;55;70;1
95;120;65;95;75;60;1
93;90;101;60;81;95;1
70;110;100;50;60;50;1
60;95;50;145;130;30;1
62;135;95;68;82;65;1
80;85;75;110;100;70;1
58;95;145;50;105;30;1
45;40;40;50;61;34;1
65;60;75;110;121;64;1
65;100;100;70;60;75;1
48;101;95;91;85;15;1
30;25;35;45;30;20;1
70;65;60;125;90;65;1
100;125;135;20;20;70;1
75;80;110;65;90;50;2
75;80;70;65;50;130;2
60;65;55;105;95;95;2
70;55;65;95;105;85;2
58;95;58;70;58;97;2
58;95;58;70;58;97;2
72;80;49;40;49;40;1
122;130;69;80;69;30;1
90;100;90;80;70;75;1
90;100;90;90;80;55;1
90;90;100;70;80;75;1
90;90;100;80;90;55;1
70;95;115;120;50;85;1
28;60;30;40;30;82;1
68;80;50;60;50;102;1
88;120;75;100;75;142;1
92;120;115;80;115;138;2
92;150;115;80;115;148;2
92;120;115;80;115;138;2
92;120;140;80;140;128;2
140;85;95;145;95;130;2
255;115;250;125;250;130;2
60;90;60;53;50;72;1
100;130;100;63;60;97;2
100;130;100;63;60;97;2
105;120;105;70;95;105;1
80;100;50;100;50;200;1
200;100;50;100;50;80;1
100;145;130;65;110;30;1
100;65;60;145;80;130;1
100;80;80;80;80;80;3
100;165;150;85;130;50;3
100;85;80;165;100;150;3
103;105;72;105;75;65;1
70;130;95;45;75;85;1
130;140;105;45;80;50;1
120;112;65;80;75;78;2
120;92;65;100;75;78;2
80;130;60;40;80;120;1
85;115;95;65;65;85;1
74;115;70;135;80;106;2
74;115;110;135;100;46;2
40;61;54;45;45;65;1
61;80;63;60;63;83;1
76;110;70;81;70;123;1
67;45;59;63;40;36;1
81;55;78;90;58;49;1
104;75;100;110;75;66;1
55;65;45;50;45;50;1
70;85;65;65;60;65;1
85;120;80;85;75;85;1
54;45;40;35;45;35;1
110;100;75;59;80;65;2
115;90;70;59;90;65;2
35;41;45;29;40;20;1
60;79;92;52;86;35;1
33;46;40;21;25;45;1
71;102;78;52;55;92;1
45;50;20;40;25;60;1
60;75;40;50;40;85;1
70;115;70;70;60;105;1
50;50;45;40;45;75;1
74;75;70;65;75;111;2
74;75;70;65;75;111;2
37;55;70;30;55;65;1
57;80;115;50;80;95;1
41;35;45;58;51;30;1
52;53;60;78;78;33;1
78;69;90;125;109;39;1
82;96;51;45;51;92;4
82;96;51;45;51;92;4
82;96;51;45;51;92;4
82;96;51;45;51;92;4
55;55;75;35;35;25;1
60;60;100;35;65;35;1
100;100;130;45;90;35;1
40;50;40;50;40;35;1
85;60;100;125;80;75;1
75;125;80;60;100;85;1
61;31;41;59;35;45;1
109;64;91;103;83;45;1
40;40;35;55;40;70;1
70;70;60;105;60;125;1
60;78;60;40;51;51;1
80;120;90;60;70;85;1
40;65;35;40;35;75;1
63;95;65;80;72;110;1
40;65;30;45;35;60;1
55;115;70;80;70;90;1
40;40;35;50;100;70;1
80;70;65;80;120;100;1
70;100;115;35;55;75;1
50;62;40;62;40;50;1
65;108;65;108;65;75;1
41;50;60;31;58;30;1
75;50;85;115;100;45;1
30;35;30;55;30;75;1
95;60;60;101;60;105;1
50;45;45;35;64;58;1
65;55;55;45;82;78;1
85;75;77;70;105;94;1
10;55;25;35;25;95;1
35;100;50;50;70;120;1
70;103;85;60;85;82;1
70;45;40;45;40;75;1
100;70;72;53;62;100;2
100;160;97;106;87;100;2
45;70;63;30;45;47;1
80;119;90;54;67;90;1
70;95;65;85;65;121;1
70;85;145;60;55;65;1
48;35;42;105;60;60;1
83;55;90;130;81;86;1
50;61;60;30;55;34;1
72;101;100;50;97;68;1
82;115;74;75;64;90;1
108;68;45;30;40;43;1
170;113;65;45;55;73;1
90;102;73;78;65;70;1
150;100;115;65;65;35;1
68;50;60;120;95;82;3
68;50;60;120;95;82;3
68;50;60;120;95;82;3
110;115;80;50;90;90;1
130;75;60;45;100;20;1
120;90;70;110;70;60;1
125;100;80;85;75;55;2
125;100;80;85;75;55;2
100;135;120;60;85;50;1
115;131;131;53;53;87;1
115;65;99;65;115;111;1
111;127;99;79;99;55;1
55;55;55;135;135;135;1
85;135;79;85;105;81;1
85;81;97;121;85;101;1
90;112;120;72;70;106;1
56;80;114;124;60;136;1
154;140;108;50;68;50;1
94;80;86;122;80;108;1
80;70;60;140;110;110;1
100;134;110;70;84;72;1
65;75;45;35;45;55;1
90;95;66;45;65;62;1
115;145;92;75;86;87;1
45;30;70;75;70;10;2
45;30;25;75;45;80;2
87;60;95;133;91;84;1
85;85;100;95;135;70;1
80;120;80;90;65;135;1
155;110;125;55;80;45;1
55;80;80;135;120;100;1
105;139;71;55;101;119;1
74;130;90;120;60;116;1
100;135;115;85;100;135;1
100;85;100;135;115;135;1
99;83;91;125;83;109;1
90;130;88;70;108;104;1
